Roll Number,Official Name,Address (Line 1),Address (Line 2),Address (Line 3),Address (Line 4),County Description,Local Authority Description,Phone No.,Principal Name,Email,Eircode,Gaeltacht Indicator (Y/N),DEIS (Y/N),Island (Y/N),Irish Classification Description,Ethos Description,Female,Male,Total
00697S,ST BRIGIDS MXD N S,Beechpark Lawn,Castleknock,Dublin 15,,Dublin,Fingal County Council,018214040,Denis Courtney,principal@saintbrigids.ie,D15P820,N,N,N,No subjects through Irish,Catholic,447,502,949
00714P,LUCAN B N S,Chapel Hill,Lucan,Co. Dublin,,Dublin,South Dublin County Council,016281857,Dara Burke,info@stmarysbnslucan.com,K78YD27,N,N,N,No subjects through Irish,Catholic,,513,513
00729F,CLOCHAR LORETO N S,Grange Road,Rathfarnham,Dublin 14,,Dublin,South Dublin County Council,014931640,Sr. Maria Hyland,info@loretograngeroad.ie,D14YY28,N,N,N,No subjects through Irish,Catholic,501,,501
00752A,CENTRAL SENIOR MXD N S,Marlborough Street,Dublin 1,,,Dublin,Dublin City Council,018788103,Deirdre Gartland,modesenmix@eircom.net,D01P027,N,Y,N,No subjects through Irish,Catholic,133,143,276
01170G,S N NA H-AILLE,Westown,Naul,Co. Dublin,,Dublin,Fingal County Council,018413821,Edel McMahon,naulns@eircom.net,K32PX40,N,N,N,No subjects through Irish,Catholic,67,72,139
01795A,CENTRAL INFS SCHOOL,Marlborough Street,Dublin 1,,,Dublin,Dublin City Council,018788344,Catherine Groves,info@centralmodelinfantschool.ie,D01ER24,N,Y,N,No subjects through Irish,Catholic,84,77,161
02872U,St. Mary's National School,Lamb's Cross,Sandyford,Dublin 18,,Dublin,Dun Laoghaire Rathdown,012954173,Fergus Lyons,saintmarys@eircom.net,D18XV90,N,N,N,No subjects through Irish,Catholic,124,141,265
03359N,BALLYROAN B N S,Ballyroan Road,Rathfarnham,Dublin 16,,Dublin,South Dublin County Council,014931805,Desmond Morris,secretary@ballyroanbns.ie,D16YX54,N,N,N,No subjects through Irish,Catholic,,401,401
03917V,NAOMH PADRAIG BOYS,Cambridge Road,Ringsend,Dublin 4,,Dublin,Dublin City Council,016606825,Ian Lane,ringsendbns@gmail.com,D04AP98,N,Y,N,No subjects through Irish,Catholic,,137,137
04992R,SCOIL AN CROI NAOFA,St Canice's Road,Ballygall,Dublin 11,,Dublin,Dublin City Council,018379586,Dermot Murphy,shbns1ballygall@gmail.com,D11XE17,N,N,N,No subjects through Irish,Catholic,,457,457
05600C,CLOCHAR SAN DOMINIC,Convent Road,Dun Laoghaire,Co. Dublin,,Dublin,Dun Laoghaire Rathdown,012809011,Peter Mooney,mail@dominicandunlaoghaire.ie,A96V2P2,N,Y,N,No subjects through Irish,Catholic,122,100,222
05933G,PRESENTATION PRIMARY SCHOOL,George's Hill,Halston Street,Dublin 7,,Dublin,Dublin City Council,018733061,Marie Berkery,secretary@georgeshillschool.ie,D07YF43,N,Y,N,No subjects through Irish,Catholic,93,35,128
06200O,BOOTERSTOWN BOYS,Grotto Place,Booterstown,Blackrock,Co. Dublin,Dublin,Dun Laoghaire Rathdown,012886830,Robert O'Connor,booterstownbns.ias@eircom.net,A94AC97,N,N,N,No subjects through Irish,Catholic,,307,307
07546J,GOLDENBRIDGE CONVENT,Saint Vincent Street West,Goldenbridge,Inchicore,Dublin 8,Dublin,Dublin City Council,014541265,Tonya Hanly,ololns.ias@gmail.com,D08AY94,N,Y,N,No subjects through Irish,Catholic,109,126,235
09492W,BALSCADDEN N S,Balscadden,Ring Commons,Co. Dublin,,Dublin,Fingal County Council,018412579,Christopher White,balscadden.ias@eircom.net,K32VK33,N,N,N,No subjects through Irish,Catholic,108,112,220
09642P,BURROW N S,Howth Road,Sutton,Dublin 13,,Dublin,Fingal County Council,018325784,Lynn Harley,burrowsecretary@gmail.com,D13TC04,N,N,N,No subjects through Irish,Church Of Ireland,109,106,215
09750S,ST JOSEPHS BOYS N S,Terenure Road East,Dublin 6,,,Dublin,Dublin City Council,014906905,Anne McCabe,office@stjosephsterenure.ie,D06ED86,N,N,N,No subjects through Irish,Catholic,,445,445
09932B,STANHOPE ST CONVENT,Manor Street,Stoneybatter,Dublin 7,,Dublin,Dublin City Council,016716686,Doretta Carey (Acting),admin@stanhopestreetprimary.ie,D07DY60,N,Y,N,No subjects through Irish,Catholic,240,97,337
10296G,SCOIL NAOMH MEARNOG,Strand Road,Portmarnock,Co. Dublin,,Dublin,Fingal County Council,018462060,Sinéad Trimble,stmarnocksns@gmail.com,D13PF29,N,N,N,No subjects through Irish,Catholic,288,342,630
10494K,ALL SAINTS N S,Carysfort Avenue,Blackrock,Co. Dublin,,Dublin,Dun Laoghaire Rathdown,012885355,Sandra Byron,allsaintsnsblackrock@gmail.com,A94RC44,N,N,N,No subjects through Irish,Church Of Ireland,25,30,55
10653E,CHAPELIZOD N S,Martin's Row,Chapelizod,Dublin 20,,Dublin,Dublin City Council,0860205494,Máirín O'Shea (Acting Principal),info@stlaurenceschapelizod.com,D20PH32,N,N,N,No subjects through Irish,Church Of Ireland,13,14,27
11525A,ST PATRICKS N SCHOOL,Millbourne Avenue,Drumcondra,Dublin 9,,Dublin,Dublin City Council,018372714,Natasha Bassett (Acting Principal),saintpatricksbns@gmail.com,D09H008,N,N,N,No subjects through Irish,Catholic,3,492,495
11578V,CITY QUAY NS,City Quay,Gloucester Street South,Dublin 2,,Dublin,Dublin City Council,016713754,Richie Hoban,cityquayns@hotmail.com,D02H277,N,Y,N,No subjects through Irish,Catholic,81,74,155
11583O,ST ANDREWS N S,Church Road,Malahide,Co. Dublin,,Dublin,Fingal County Council,018450185,Lesley McElhinney,office@standrewsns.ie,K36HD54,N,N,N,No subjects through Irish,Church Of Ireland,94,129,223
11638N,WHITECHURCH NAT SCHOOL,Whitechurch Road,Rathfarnham,Dublin 16,,Dublin,South Dublin County Council,014942177,Sarah Richards,office@whitechurchns.biz,D16Y1X3,N,N,N,No subjects through Irish,Church Of Ireland,99,114,213
11873A,RATHMICHAEL N S,Rathmichael,Shankill,Co. Dublin,,Dublin,Dun Laoghaire Rathdown,012824794,Caroline Senior,caroline.senior@rathmichaelschool.com,D18ET38,N,N,N,No subjects through Irish,Church Of Ireland,108,110,218
11894I,SCOIL MHUIRE,Gilford Road,Sandymount,Dublin 4,,Dublin,Dublin City Council,012695273,Donncha Cleary,scoil.mhuire@hotmail.com,D04DC04,N,N,N,No subjects through Irish,Catholic,278,,278
12014D,ST ANDREWS N S,St Edmundsbury,Lucan Road,Lucan,Co. Dublin,Dublin,South Dublin County Council,016280975,Julie Ann Chapman,stanso@eircom.net,K78NX88,N,N,N,No subjects through Irish,Church Of Ireland,184,239,423
12358M,SWORDS BOROUGH N S,Church Road,Swords,Co. Dublin,,Dublin,Fingal County Council,018407036,Anne Marie Woods,info@oldboroughschool.ie,K67Y179,N,N,N,No subjects through Irish,Church Of Ireland,53,53,106
12448N,GARDINER STREET CONVENT,Gardiner Street,Belvedere Court,Dublin 1,,Dublin,Dublin City Council,018722894,Eileen O'Doherty,eileengardinerstreet@eircom.net,D01H9C5,N,Y,N,No subjects through Irish,Catholic,210,197,407
12755W,KILDARE PLACE N S,92/96 Rathmines Road Upper,Dublin 6,,,Dublin,Dublin City Council,014978215,Ian Packham,info@kildareplace.ie,D06XE18,N,N,N,No subjects through Irish,Church Of Ireland,102,104,206
13217W,HOLY FAMILY NATIONAL SCHOOL,Rathcoole,Co. Dublin,,,Dublin,South Dublin County Council,014580570,Colm Byrne,holyfamilyrathcoole@gmail.com,D24XH22,N,N,N,No subjects through Irish,Catholic,336,372,708
13447Q,SCOIL MHUIRE,Lucan Road,Lucan,Co. Dublin,,Dublin,South Dublin County Council,016280056,Mary Davin,smgns.lucan@gmail.com,K78DK18,N,N,N,No subjects through Irish,Catholic,638,,638
13611D,PRESENTATION PRIMARY SCHOOL,Warrenmount,Blackpitts,Dublin 8,,Dublin,Dublin City Council,014539547,Grainne Noone,warrenmt@eircom.net,D08XR62,N,Y,N,No subjects through Irish,Catholic,131,60,191
13612F,PRESENTATION PRIMARY SCHOOL,Terenure Road West,Dublin 6W,,,Dublin,Dublin City Council,0868678093,Carmel Hume,office@presterenure.ie,D6WAW64,N,N,N,No subjects through Irish,Catholic,582,,582
13815T,HOWTH RD MXD N S,Clontarf Road,Clontarf,Dublin 3,,Dublin,Dublin City Council,018335124,Martha Woolmington,howthrdns@gmail.com,D03E166,N,N,N,No subjects through Irish,Presbyterian,50,48,98
14180H,HOLMPATRICK N S,Convent Lane,Skerries,Co. Dublin,,Dublin,Fingal County Council,018491409,Deirdre MacLean,office@holmpatrickns.ie,K34W573,N,N,N,No subjects through Irish,Church Of Ireland,39,41,80
14463T,ST COLUMBAS N S MXD,North Strand,Dublin 3,,,Dublin,Dublin City Council,018556805,Ann Creaner,principal@stcolumbasns.com,D03NH34,N,N,N,No subjects through Irish,Church Of Ireland,49,75,124
14556D,ST ENDAS PRIMARY SCHOOL,Whitefriar Street,Dublin 8,,,Dublin,Dublin City Council,014757566,Mary Marren,saintendasns@yahoo.ie,D08FW29,N,Y,N,No subjects through Irish,Catholic,57,67,124
14586M,CARYSFORT NS,Convent Road,Blackrock,Co. Dublin,,Dublin,Dun Laoghaire Rathdown,012885803,Norma Linehan,office@carysfortns.ie,A94Y516,N,N,N,No subjects through Irish,Catholic,299,297,596
14647G,DALKEY N S (2),Harbour Road,Dalkey,Co. Dublin,,Dublin,Dun Laoghaire Rathdown,012803647,Jennifer Kirwan,stpatricks2@gmail.com,A96RR04,N,N,N,No subjects through Irish,Church Of Ireland,52,47,99
14717B,RATHGAR N S,Rathgar Avenue,Dublin 6,,,Dublin,Dublin City Council,014907661,Ivan Pearson,rathgarns@rathgarns.ie,D06DK35,N,N,N,No subjects through Irish,Methodist,42,49,91
14917J,ZION PARISH PRIMARY SCHOOL,Bushy Park Road,Rathgar,Dublin 6,,Dublin,Dublin City Council,014910065,Tom Conaty,zionparishschool@gmail.com,D06K062,N,N,N,No subjects through Irish,Church Of Ireland,43,50,93
14939T,RATHFARNHAM PARISH N S,Washington Lane,Rathfarnham,Dublin 14,,Dublin,South Dublin County Council,014943470,Joyce Perdue,principal@rpns.ie,D14X051,N,N,N,No subjects through Irish,Church Of Ireland,102,125,227
14980Q,GLASNEVIN N S,Botanic Avenue,Glasnevin,Dublin 9,,Dublin,Dublin City Council,018373727,Olive Walsh,secretary.gns@gmail.com,D09TW63,N,N,N,No subjects through Irish,Church Of Ireland,38,46,84
15056L,S N SAN VINSEANN CAILIN,North William Street,Dublin 1,,,Dublin,Dublin City Council,018740048,Margaret O'Connor,Stvincentsnws@eircom.net,D01XT04,N,Y,N,No subjects through Irish,Catholic,244,,244
15132B,HAROLD BOYS N S,St. Patrick's Road,Dalkey,Co. Dublin,,Dublin,Dun Laoghaire Rathdown,012856193,Teresa Buckley,info@haroldboysdalkey.ie,A96PY94,N,N,N,No subjects through Irish,Catholic,,132,132
15253N,ST PATRICKS GIRLS NS,Cambridge Road,Ringsend,Dublin 4,,Dublin,Dublin City Council,016685928,Anne Smith,ringsendgns@gmail.com,D04CH58,N,Y,N,No subjects through Irish,Catholic,162,,162
15284B,TANEY N S,Sydenham Villas,Dundrum,Dublin 14,,Dublin,Dun Laoghaire Rathdown,012985015,Elizabeth Carpenter,ecarpenter@taneyschool.ie,D14PN29,N,N,N,No subjects through Irish,Church Of Ireland,195,239,434
15315J,ST GEORGES N S,Naul Road,Balbriggan,Co. Dublin,,Dublin,Fingal County Council,018410107,Elaine Browne,office@stgeorgesns.com,K32KC95,N,N,N,No subjects through Irish,Church Of Ireland,183,208,391
15569R,SCOIL MOIBHI,Milverton,Skerries,Co. Dublin,,Dublin,Fingal County Council,018492467,Maria Lynam,scoilmoibhi.ias@eircom.net,K34WP77,N,N,N,No subjects through Irish,Catholic,36,46,82
15618E,SANDFORD PARISH NATIONAL SCHOOL,Sandford Close,Ranelagh,Dublin 6,,Dublin,Dublin City Council,014974277,Senan Murray,secretary@sandfordparishns.ie,D06V2V6,N,N,N,No subjects through Irish,Church Of Ireland,118,113,231
15622S,ST PATRICKS NS,Chapelizod Village,Dublin 20,,,Dublin,Dublin City Council,016265752,Kieran Tierney,chapelizodstpatricks@gmail.com,D20TW71,N,N,N,No subjects through Irish,Catholic,95,117,212
15625B,ST CATHERINES WEST N S,Donore Avenue,South Circular Road,Dublin 8,,Dublin,Dublin City Council,014542679,Karen Jordan,info@stcatherinesns.net,D08YR66,N,N,N,No subjects through Irish,Church Of Ireland,110,96,206
15650A,CORDUFF N S,Lusk,Co. Dublin,,,Dublin,Fingal County Council,018438274,Carola Reynolds,office@corduffns.scoilnet.ie,K45XV34,N,N,N,No subjects through Irish,Catholic,56,41,97
15816I,ST VINCENTS INF BOYS,North William Street,Dublin 1,,,Dublin,Dublin City Council,018363074,Patrick Courtney,stvincentsbns@gmail.com,D01VW63,N,Y,N,No subjects through Irish,Catholic,,107,107
15895H,DRUMCONDRA N S,Church Avenue,Drumcondra,Dublin 9,,Dublin,Dublin City Council,018374886,Kate Gleeson,office@drumcondrans.ie,D09VY58,N,N,N,No subjects through Irish,Church Of Ireland,27,31,58
15995L,Star of the Sea,Leahy's Terrace,Sandymount,Dublin 4,,Dublin,Dublin City Council,016686394,Niall Walsh,office@starofthesea.ie,D04XW14,N,N,N,No subjects through Irish,Catholic,,325,325
16177F,LINDSAY ROAD N S,LINDSAY ROAD,GLASNEVIN,DUBLIN 9,,Dublin,Dublin City Council,018600247,Stacey Allen,lindsayroadns@hotmail.com,D09YH93,N,N,N,No subjects through Irish,Presbyterian,37,54,91
16267G,ST PATRICKS BOYS NATIONAL SCHOOL,Donabate,Co. Dublin,,,Dublin,Fingal County Council,018436168,Brian Horan,info@stpatsbns.ie,K36W309,N,N,N,No subjects through Irish,Catholic,,394,394
16332O,ST PATRICKS SNR MIXED,Beau Piers Lane,Skerries,Co. Dublin,,Dublin,Fingal County Council,018490945,Michelle Keane,stpatsskerries@gmail.com,K34X751,N,N,N,No subjects through Irish,Catholic,182,168,350
16333Q,ST PATRICKS JNR MIXED,Beau Piers,Skerries,Co. Dublin,,Dublin,Fingal County Council,018490836,Máire Ní Chroínín,admin@stps.ie,K34D799,N,N,N,No subjects through Irish,Catholic,185,163,348
16352U,ST BRIGIDS BOYS N S,Mart Lane,Foxrock,Dublin 18,,Dublin,Dun Laoghaire Rathdown,012893199,Fiona Griffin,principal@stbrigids.ie,D18W406,N,N,N,No subjects through Irish,Catholic,,484,484
16353W,ST BRIGIDS GIRLS N S,The Park,Cabinteely,Dublin 18,,Dublin,Dun Laoghaire Rathdown,012847422,Aedeen Sweeney,scoilbride@eircom.net,D18TN66,N,N,N,No subjects through Irish,Catholic,536,,536
16461C,CAISLEAIN NUA LIAMHNA,Main Street,Newcastle,Co. Dublin,,Dublin,South Dublin County Council,014580114,Jonathan Loftus,info@stfiniansprimaryschool.ie,D22A388,N,N,N,No subjects through Irish,Catholic,287,295,582
16577V,ST BRIGIDS CONVENT,Finglas Road Old,Glasnevin,Dublin 11,,Dublin,Dublin City Council,018376653,Darina Burke,stbrigid.glasnevin@gmail.com,D11VF95,N,N,N,No subjects through Irish,Catholic,469,,469
16629O,KILTERNAN CHURCH OF IRELAND NS,Glebe Road,Enniskerry Road,Kilternan,Dublin 18,Dublin,Dun Laoghaire Rathdown,012953235,Gráinne Dunbar,secretary@kcoins.ie,D18A599,N,N,N,No subjects through Irish,Church Of Ireland,104,107,211
16651H,ST CLARES CONVENT N S,Harold's Cross Road,Dublin 6W,,,Dublin,Dublin City Council,014963237,Maria Spring,info@stclares.ie,D6WWC86,N,N,N,No subjects through Irish,Catholic,121,161,282
16659A,ST COLUMBAS CON G & I,Iona Road,Glasnevin,Dublin 9,,Dublin,Dublin City Council,018305040,Eileen Whelan,principal@ionaroadschool.ie,D09YX46,N,N,N,No subjects through Irish,Catholic,392,,392
16675V,SCOIL NAOMH LUCAIS,Hollywood Road,Tyrellstown,Dublin 15,,Dublin,Fingal County Council,018856015,Vivienne Bourke,katemns@hotmail.com,D15CH64,N,N,N,No subjects through Irish,Catholic,301,299,600
16695E,SCOIL NA MBRATHAR BOYS SENIOR SCHOOL,North Brunswick Street,Dublin 7,,,Dublin,Dublin City Council,018722167,Ruth Coghlan,brunnerprimary@gmail.com,D07P529,N,Y,N,No subjects through Irish,Catholic,,150,150
16753P,ST VINCENT DE PAULS GIRLS SENIOR SCHOOL,Griffith Avenue,Dublin 9,,,Dublin,Dublin City Council,018334697,Patrick McElwain,stvincentsgns.ias@eircom.net,D09AD80,N,N,N,No subjects through Irish,Catholic,333,,333
16754R,ST VINCENTS CONVENT INF N S,67 Griffith Avenue,Dublin 9,,,Dublin,Dublin City Council,018334538,Catherine Kennedy,principalsvdp@gmail.com,D09AP26,N,N,N,No subjects through Irish,Catholic,185,211,396
16759E,S N MHUIRE NA MBRATHAR,Marino,Dublin 9,,,Dublin,Dublin City Council,018336421,Ben Dorney,smmgriffithave@gmail.com,D09NW62,N,N,N,No subjects through Irish,Catholic,,357,357
16786H,ST BRIGIDS PRIMARY SCHOOL,The Coombe,Dublin 8,,,Dublin,Dublin City Council,014547734,Deirdre Early,stbrigidsthecoombe@eircom.net,D08E377,N,Y,N,No subjects through Irish,Catholic,188,75,263
16792C,ST BRIGIDS CONVENT N S,St.Brigid's Road,Killester,Dublin 5,,Dublin,Dublin City Council,018315138,Lorna Diffley,principal@stbrigidsgns.ie,D05YV44,N,N,N,No subjects through Irish,Catholic,422,,422
16794G,ST BRIGIDS N S,Merville Road,Stillorgan,Co. Dublin,,Dublin,Dun Laoghaire Rathdown,012833095,Dawn Galbraith,staffbrigidsns@gmail.com,A94X066,N,N,N,No subjects through Irish,Church Of Ireland,48,53,101
16844S,SCOIL N. BREANDAN,Loughshinny,Skerries,Co. Dublin,,Dublin,Fingal County Council,018490394,Niall Mulvey,secretary@loughshinnyns.ie,K34T853,N,N,N,No subjects through Irish,Catholic,110,95,205
16860Q,CORPUS CHRISTI N S,Home Farm Road,Drumcondra,Dublin 9,,Dublin,Dublin City Council,018379745,Aisling Downes,ccgns.principal@gmail.com,D09K270,N,N,N,No subjects through Irish,Catholic,439,,439
16893I,S N NAOMH LORCAN,Upper Kilmacud Road,Stillorgan,Co. Dublin,,Dublin,Dun Laoghaire Rathdown,012882486,Damian Moran,stlaurencesbns@outlook.ie,A94KD62,N,N,N,No subjects through Irish,Catholic,,447,447
16964F,SCOIL MHUIRE OGH 1,Crumlin Road,Dublin 12,,,Dublin,Dublin City Council,014541669,Angela Mitchell,loretoseniorprimarycrumlin@gmail.com,D12EH28,N,Y,N,No subjects through Irish,Catholic,146,90,236
16966J,SCOIL NAISIUNTA STRATFORD,1 Zion Road,Rathgar,Dublin 6,,Dublin,Dublin City Council,014922315,Dr. Helen Heneghan,admin@stratfordcollege.ie,D06E161,N,N,N,No subjects through Irish,Jewish,47,46,93
16970A,ST MOLAGA SENIOR NS,Bremore,Balbriggan,Co. Dublin,,Dublin,Fingal County Council,018413133,Pauline Costello,stmolaga@gmail.com,K32Y662,N,N,N,No subjects through Irish,Catholic,209,259,468
16972E,S N PEADAR AGUS POL N,Chapel Street,Balbriggan,Co. Dublin,,Dublin,Fingal County Council,018412670,Siobhan Whelan,office@sspeterandpauljns.ie,K32PD27,N,N,N,No subjects through Irish,Catholic,213,227,440
16983J,S N NAOMH CILLIN,Robinhood Road,Bluebell,Dublin 12,,Dublin,South Dublin County Council,014500440,Michelle O'Farrell,office@stcilliansns.net,D12W563,N,Y,N,No subjects through Irish,Catholic,12,26,38
16988T,CHRIST THE KING B N S,Annaly Road,Cabra,Dublin 7,,Dublin,Dublin City Council,018680503,Clodagh Vahey,principal@christthekingbns.ie,D07EF63,N,Y,N,No subjects through Irish,Catholic,,108,108
16989V,CHRIST THE KING GIRLS SENIOR SCHOOL,Annaly Road,Cabra,Dublin 7,,Dublin,Dublin City Council,018680115,Gemma Haughey,christthekingsenior@gmail.com,D07HV12,N,Y,N,No subjects through Irish,Catholic,99,,99
17055T,S N NAOMH MHUIRE,Garter's Lane,Saggart,Co. Dublin,,Dublin,South Dublin County Council,014589020,Suzanne Olwill,stmaryssaggart2@gmail.com,D24VW9P,N,N,N,No subjects through Irish,Catholic,345,358,703
17083B,S N MUIRE GAN SMAL B,Tyrconnell Road,Inchicore,Dublin 8,,Dublin,Dublin City Council,014541641,Mary O'Mahony,Office@smgs.ie,D08Y9T4,N,Y,N,No subjects through Irish,Catholic,172,168,340
17104G,ST FRANCIS JUNIOR NATIONAL SCHOOL,Clonshaugh Drive,Priorswood,Dublin 17,,Dublin,Dublin City Council,018470804,Aileen Plunkett,stfrancisjs17@gmail.com,D17KH30,N,Y,N,No subjects through Irish,Catholic,93,107,200
17110B,NAOMH LORCAN O TUATHAIL SENIOR BOYS,Seville Place,Dublin 1,,,Dublin,Dublin City Council,018363490,Mark Candon,info@larriers.ie,D01A439,N,Y,N,No subjects through Irish,Catholic,,65,65
17148D,S N EOIN BAISDE GIRLS SENIOR,Seafield Road West,Clontarf,Dublin 3,,Dublin,Dublin City Council,018331888,Anne McCarthy,info@belgroveseniorgirls.ie,D03T803,N,N,N,No subjects through Irish,Catholic,407,,407
17210F,CLOCHAR LUGHAIDH CAILIN,Williams Park,Rathmines,Dublin 6,,Dublin,Dublin City Council,014976098,Dolores Hanrahan,principal@stlouisschool.net,D06XR52,N,N,N,No subjects through Irish,Catholic,252,199,451
17211H,CLOCHAR LUGHAIDH NAOIDH,Williams Park,Rathmines,Dublin 6,,Dublin,Dublin City Council,014972188,Dr Ann Noelle Bennett,principal@stlouis.ie,D06FD92,N,N,N,No subjects through Irish,Catholic,152,143,295
17214N,St. Vincent's Primary School,St Philomenas Road,Glasnevin,Dublin 11,,Dublin,Dublin City Council,018302328,Edward Sewell,office@vincentsprimary.com,D11HX78,N,N,N,No subjects through Irish,Catholic,,283,283
17263D,S N MUIRE AN SEAN BAILE,Oldtown,Co. Dublin,,,Dublin,Fingal County Council,018432060,Jane Kirwan,oldtownns@gmail.com,A45YD60,N,N,N,No subjects through Irish,Catholic,28,34,62
17318C,SCOIL AN LEINBH IOSA BOYS SENIORS,Larkhill Road,Whitehall,Dublin 9,,Dublin,Dublin City Council,018372472,Cathy Timmons,secretary@holychildbns.ie,D09K104,N,N,N,No subjects through Irish,Catholic,,281,281
17355I,MUIRE NA DEA COIRLE GIRLS SENIOR,Mourne Road,Drimnagh,Dublin 12,,Dublin,Dublin City Council,014557011,Paul Ryan,carmelreidmourneroad@gmail.com,D12XD51,N,Y,N,No subjects through Irish,Catholic,121,5,126
17356K,MUIRE NA DEA COIRLE INF,Mourne Road,Drimnagh,Dublin 12,,Dublin,Dublin City Council,014556594,Caoimhe Warren,infantschoolmourneroad@gmail.com,D12E228,N,Y,N,No subjects through Irish,Catholic,85,91,176
17367P,"MARY, HELP OF CHRISTIANS G.N.S.",Navan Road,Dublin 7,,,Dublin,Dublin City Council,018380471,Renee Moran,principal@maryhelpofchristians.ie,D07EH68,N,N,N,No subjects through Irish,Catholic,435,,435
17459U,CHRIST THE KING I G,Annaly Road,Cabra,Dublin 7,,Dublin,Dublin City Council,018680115,Maeve MacMahon,ckjgns@gmail.com,D07HV12,N,Y,N,No subjects through Irish,Catholic,55,,55
17464N,"FIONNBARRA NAOFA B.N.S.,",Kilkieran Road,Cabra West,Dublin 7,,Dublin,Dublin City Council,018380060,Maeve Daly,chairman.ias@eircom.net,D07A522,N,Y,N,No subjects through Irish,Catholic,,139,139
17465P,DOMINICAN CONVENT GIRLS SENIOR SCHOOL,RATOATH ROAD,CABRA WEST,DUBLIN 7,,Dublin,Dublin City Council,018387194,CYNTHIA O REILLY,principalstcatherinessns@gmail.com,D07V045,N,Y,N,No subjects through Irish,Catholic,197,,197
17466R,ST CATHERINES INFANT SCHOOL,Ratoath Road,Cabra,Dublin 7,,Dublin,Dublin City Council,018684046,Eóin Browne,principal@stcatherinesinfants.com,D07TP21,N,Y,N,No subjects through Irish,Catholic,91,45,136
17470I,ST RAPHAELAS N S,Saint Raphaela's Road,Stillorgan,Blackrock,Co. Dublin,Dublin,Dun Laoghaire Rathdown,012886878,Laura Corry,Secretary@straphaelasns.ie,A94R7N8,N,N,N,No subjects through Irish,Catholic,444,,444
17472M,BAILE FALBACH,Jordanstown,Lusk,Co. Dublin,,Dublin,Fingal County Council,018438372,Annemarie Sharkey,hedgestownnationalschool@gmail.com,K45YP02,N,N,N,No subjects through Irish,Catholic,39,40,79
17507F,S N PADRAIG NAOFA,Ballybetagh Road,Kiltiernan,Co. Dublin,,Dublin,Dun Laoghaire Rathdown,012954255,Sibéal Quigley,secretary@glencullenschool.ie,D18H504,N,N,N,No subjects through Irish,Catholic,83,98,181
17559B,S N MHUIRE,The Green,Garristown,Co. Dublin,,Dublin,Fingal County Council,018354505,Hugh Daly,garristownschooloffice@gmail.com,A42V673,N,N,N,No subjects through Irish,Catholic,94,107,201
17569E,BLESSED OLIVER N S,Balrothery,Balbriggan,Co. Dublin,,Dublin,Fingal County Council,018411494,Mairéad Murphy,office@balrotheryns.com,K32WR94,N,N,N,No subjects through Irish,Catholic,157,171,328
17595F,CILL COSCAIN,Kilcoscan,The Ward,Co. Dublin,,Dublin,Fingal County Council,018351508,Paddy Christie,kilcoskanprincipal@gmail.com,D11PW92,N,N,N,No subjects through Irish,Catholic,55,65,120
17603B,SCOIL IOSAGAIN BOYS SENIOR,Aughavannagh Road,Crumlin,Dublin 12,,Dublin,Dublin City Council,014541821,Aoife Wrynne,principalscoiliosagain@gmail.com,D12W522,N,Y,N,No subjects through Irish,Catholic,,68,68
17683C,MUIRE OG 2 LORETO CON,Crumlin Road,Dublin 12,,,Dublin,Dublin City Council,014541746,Denise Griffin,principal@loretojunior.ie,D12P602,N,Y,N,No subjects through Irish,Catholic,123,95,218
17730I,S N NA LANAI GLASA,Seafield Avenue,Clontarf,Dublin 3,,Dublin,Dublin City Council,018331554,Cathy Atkin,cathy.harry@greenlanes.ie,D03A024,N,N,N,No subjects through Irish,Church Of Ireland,148,132,280
17732M,SCOIL CHIARAIN,Collins Avenue East,Killester,Dublin 5,,Dublin,Dublin City Council,018313072,Ciara Nic Airt,cibeag@yahoo.com,D05Y578,N,Y,N,No subjects through Irish,Catholic,,133,133
17785K,SAN NIOCLAS MYRA,Malahide Road,Kinsealy,Dublin 17,,Dublin,Fingal County Council,018464033,Breandan Ó Fathaigh,principal@kinsealyns.ie,D17FP52,N,N,N,No subjects through Irish,Catholic,101,110,211
17820J,BRIGHDE NAOFA,Rowlestown Drive,Kilsallaghan,Co. Dublin,,Dublin,Fingal County Council,018404130,Ann Ryan,rolestown.ns@gmail.com,K67Y308,N,N,N,No subjects through Irish,Catholic,192,169,361
17881G,SCOIL UI CHONAILL BOYS SENIORS,North Richmond Street,Dublin 1,,,Dublin,Dublin City Council,018557517,Michael Mc Hugh,secretary@oconnellprimary.ie,D01H9X5,N,Y,N,No subjects through Irish,Catholic,,182,182
17891J,SCOIL MHUIRE,Tower Road,Chapelizod,Dublin 20,,Dublin,Dublin City Council,018213105,Úna O'Kelly,scoilmhuiremountsackville@gmail.com,D20HX04,N,N,N,No subjects through Irish,Catholic,220,,220
17893N,SANCTA MARIA C B S,Synge Strete,Dublin 8,,,Dublin,Dublin City Council,014784316,Victoria McQuaid,principal@bunscoilsynge.ie,D08V6R9,N,Y,N,Some subjects through Irish,Catholic,18,82,100
17899C,SCOIL CARMEL,Firhouse Road,Dublin 24,,,Dublin,South Dublin County Council,014514151,Ursula Martin,scoilcarmelns@eircom.net,D24NA44,N,N,N,No subjects through Irish,Catholic,186,217,403
17912O,S N EOIN BOSCO BUACH,Navan Road,Dublin 7,,,Dublin,Dublin City Council,018380371,Emmanuel Bourke,boscosen.ias@eircom.net,D07V654,N,N,N,No subjects through Irish,Catholic,,449,449
17914S,ST OLIVER PLUNKETT,Grove Road,Malahide,Co. Dublin,,Dublin,Fingal County Council,018452052,Claire O'Connor,office@stops.ie,K36H998,N,N,N,No subjects through Irish,Catholic,442,474,916
17928G,SN N SAILBHEASTAR NFA,Yellow Walls Road,Malahide,Co Dublin,,Dublin,Fingal County Council,018450061,Sharon Dunne,stsylvesters@gmail.com,K36PA66,N,N,N,No subjects through Irish,Catholic,198,212,410
17936F,SN EOIN BAISDE BOYS SENIOR SCHOOL,Seafield Road,Clontarf,Dublin 3,,Dublin,Dublin City Council,018331852,Conor Ryan,info@belgroveseniorboys.ie,D03HK82,N,N,N,No subjects through Irish,Catholic,,331,331
17953F,S N BHAILE EAMONN,Edmondstown Road,Rathfarnham,Dublin 16,,Dublin,South Dublin County Council,014933255,Philomena Cleary,edmondstownns@hotmail.com,D16XF86,N,N,N,No subjects through Irish,Catholic,52,51,103
17954H,SCOIL CAOIMHIN NAOFA,Mount Merrion,Blackrock,Co. Dublin,,Dublin,Dun Laoghaire Rathdown,012887108,Siobhan McDonagh,office@oatlandsprimaryschool.ie,A94KW94,N,N,N,No subjects through Irish,Catholic,161,295,456
17961E,S N LUSCA,Chapel Road,Lusk,Co. Dublin,,Dublin,Fingal County Council,018437738,Paul Comiskey,LuskSNSoffice@luskns.ie,K45CX43,N,N,N,No subjects through Irish,Catholic,240,217,457
17970F,OUR LADY OF MERCY CONVENT SCHOOL,Rosemount Terrace,Booterstown,Co. Dublin,,Dublin,Dun Laoghaire Rathdown,012884223,Siobhán Hanly,ourladyofmercyoffice@gmail.com,A94V656,N,N,N,No subjects through Irish,Catholic,270,,270
17976R,SCOIL ASSAIM BOYS SENIORS,Raheny,Dublin 5,,,Dublin,Dublin City Council,018314044,Dr. Bernadette O'Donovan,secretary@scoilassaim.com,D05AW29,N,N,N,No subjects through Irish,Catholic,,297,297
17977T,SCOIL AINE CONVENT SENIOR,All Saints Drive,Raheny,Dublin 5,,Dublin,Dublin City Council,018319463,Clodagh O'Gara,scoilaineraheny1958@gmail.com,D05PD34,N,N,N,No subjects through Irish,Catholic,363,,363
17978V,NAISCOIL IDE,All Saints Drive,Raheny,Dublin 5,,Dublin,Dublin City Council,018317688,Clare Ring,naiscoilide@gmail.com,D05E932,N,N,N,No subjects through Irish,Catholic,191,188,379
17979A,S N CNOC AINBHIL,Lower Kilmacud Road,Stillorgan,Co. Dublin,,Dublin,Dun Laoghaire Rathdown,012831148,Grainne McGowan,secretary@mountanvilleprimaryschool.com,A94E2N7,N,N,N,No subjects through Irish,Catholic,474,,474
17996A,GLEN NA SMOL N S,Glenasmole,Bohernabreena,Dublin 24,,Dublin,South Dublin County Council,014624143,Mary McColgan,office@glenasmolens.com,D24YC57,N,N,N,No subjects through Irish,Catholic,44,43,87
18038B,ST MARGARETS N S,Sandyhill,Saint Margaret's,Co. Dublin,,Dublin,Fingal County Council,018361669,Grainne Noone,stmargaretsns@hotmail.com,K67PE80,N,N,N,No subjects through Irish,Catholic,43,52,95
18046A,SCOIL BRIDE B,Church Avenue,Blanchardstown,Dublin 15,,Dublin,Fingal County Council,018201299,Séamus Sullivan,secretarysbb@gmail.com,D15H329,N,N,N,No subjects through Irish,Catholic,,352,352
18047C,SCOIL BRIDE C,Church Avenue,Blanchardstown,Dublin 15,,Dublin,Fingal County Council,018201717,Anne McKeon,priomhoidesbc@gmail.com,D15R271,N,N,N,No subjects through Irish,Catholic,367,,367
18080A,SCOIL MHUIRE MXD,Tuckett's Lane,Howth,Co. Dublin,,Dublin,Fingal County Council,018323572,John Chambers,howthns@gmail.com,D13PW99,N,N,N,No subjects through Irish,Catholic,219,217,436
18137D,SN NAOMH FEARGAL BOYS SENIOR,FINGLAS WEST,DUBLIN 11,,,Dublin,Dublin City Council,018347609,MARY FLYNN,stfergals@yahoo.ie,D11E925,N,Y,N,No subjects through Irish,Catholic,,153,153
18170B,SN MUIRE NA FREASTOGALA GIRLS SEN,Assumption Senior Girls NS,Long Mile Rd,Walkinstown,Dublin 12,Dublin,Dublin City Council,014508309,Jonathan Hanley,info@assumptiongns.ie,D12FK49,N,N,N,No subjects through Irish,Catholic,243,,243
18173H,S N BRIOTAS,Brittas,Co. Dublin,,,Dublin,South Dublin County Council,014582311,Cormac O'Farrell,smarbrit.ias@eircom.net,D24WK77,N,N,N,No subjects through Irish,Catholic,54,59,113
18205R,S N AN PHAROISTE,Church Street,Finglas,Dublin 11,,Dublin,Dublin City Council,018347349,Amanda Hawes,principal@finglasparochialns.ie,D11XT35,N,Y,N,No subjects through Irish,Church Of Ireland,36,26,62
18282M,SN PAROISTE MAITIU NFA,Cranfield Place,Sandymount,Dublin 4,,Dublin,Dublin City Council,016603145,Naomi Rousseau,secretary@stmatts.ie,D04FK11,N,N,N,No subjects through Irish,Church Of Ireland,117,106,223
18323A,SCOIL LORCAIN B,The Oval,Palmerstown,Dublin 20,,Dublin,South Dublin County Council,016267493,John Moore,stlorcans@eircom.net,D20W227,N,N,N,No subjects through Irish,Catholic,,379,379
18324C,SCOIL BRIDE C,Turret Road,Palmerstown,Dublin 20,,Dublin,South Dublin County Council,016265431,Aideen O'Shea,stbrigidsgns@gmail.com,D20AC82,N,N,N,No subjects through Irish,Catholic,388,,388
18360G,SCOIL BHREANDAIN,McAuley Road,Artane,Dublin 5,,Dublin,Dublin City Council,018319047,Siobhán Flynn,stbrendansartane@gmail.com,D05P820,N,Y,N,No subjects through Irish,Catholic,,157,157
18361I,SN CAITRIONA GIRLS,Measc Avenue,Coolock,Dublin 5,,Dublin,Dublin City Council,018480018,Imelda Whelan,scoilchaitriona@gmail.com,D05HR61,N,Y,N,No subjects through Irish,Catholic,177,,177
18362K,S N CAITRIONA NAIONAIN,Measc Avenue,Coolock,Dublin 5,,Dublin,Dublin City Council,018480142,Maria Dineen,scoilchaitriona.infants246@gmail.com,D05FC92,N,Y,N,No subjects through Irish,Catholic,145,103,248
18386B,MARIST NATIONAL SCHOOL,Clogher Road,Crumlin,Dublin 12,,Dublin,Dublin City Council,014541228,Sr. Geraldine Campbell,maristps@hotmail.com,D12YP98,N,Y,N,No subjects through Irish,Catholic,208,75,283
18411U,ST MARYS SCHOOL,Greenhills Road,Tallaght,Dublin 24,,Dublin,South Dublin County Council,014515387,Shane Cadigan,office@stmarystallaght.ie,D24K248,N,N,N,No subjects through Irish,Catholic,164,177,341
18412W,S N C NAOMH PADRAIG,Portrane Road,Donabate,Co. Dublin,,Dublin,Fingal County Council,018436201,Ciara Greene,scoilphadraic@gmail.com,K36KH36,N,N,N,No subjects through Irish,Catholic,437,,437
18451J,SCOIL LORCÁIN,Cearnóg Eaton,Baile na Manach,Co. Átha Cliath,,Dublin,Dun Laoghaire Rathdown,012808906,Colmán Ó Drisceoil,scoillorcain1@scoillorcain.ie,A94F596,N,N,N,All subjects through Irish,Catholic,249,235,484
18477E,SCOIL NA MBRATHAR,John Dillon Street,Dublin 8,,,Dublin,Dublin City Council,014531800,Fiona Collins,principal.francisstcbs@gmail.com,D08FE83,N,Y,N,No subjects through Irish,Catholic,,155,155
18585H,SN BANRION NA NAINGEAL1,GURTEEN ROAD,BALLYFERMOT,DUBLIN 10,,Dublin,Dublin City Council,016265207,MAURICE SWEENEY,mqa1@eircom.net,D10A997,N,Y,N,No subjects through Irish,Catholic,,167,167
18602E,SCOIL MHUIRE,Convent Road,Clondalkin,Dublin 22,,Dublin,South Dublin County Council,014592986,Carol Burke Heneghan,scoilmhuireoffice@eircom.net,D22F851,N,N,N,No subjects through Irish,Catholic,253,109,362
18623M,SCOIL NAISUNTA CHNUACHA,Main Street,Castleknock,Dublin 15,,Dublin,Fingal County Council,018202611,Sandra Moloney,office@castleknocknationalschool.ie,D15PV38,N,N,N,No subjects through Irish,Church Of Ireland,105,107,212
18632N,S N EOIN BOSCO NAI BUAC,Navan Road,Dublin 7,,,Dublin,Dublin City Council,018380495,Karen Mc Goldrick,info@stjohnboscojbs.com,D07WP22,N,N,N,No subjects through Irish,Catholic,,196,196
18642Q,S N NAOMH EOIN,Tower Road,Clondalkin,Dublin 22,,Dublin,South Dublin County Council,014570680,Michelle Sharkey,principal@stjohnsnsclondalkin.com,D22YN52,N,N,N,No subjects through Irish,Church Of Ireland,43,50,93
18646B,SPRINGDALE N S,Lough Derg Road,Raheny,Dublin 5,,Dublin,Dublin City Council,018317149,Lesley Cahill,principal@springdale.ie,D05E954,N,N,N,No subjects through Irish,Church Of Ireland,121,121,242
18647D,S N SAN TREASA,The Rise,Mount Merrion,Co. Dublin,,Dublin,Dun Laoghaire Rathdown,012881505,Frances Mullin,principal@sstreasa.ie,A94EK75,N,N,N,No subjects through Irish,Catholic,212,232,444
18655C,SCOIL NAOMH SEOSAMH,Boot Road,Clondalkin,Dublin 22,,Dublin,South Dublin County Council,014592951,Niall Desmond,secretary@stjosephsbns.ie,D22PY13,N,N,N,No subjects through Irish,Catholic,,414,414
18682F,ST CANICES B N S,Glasanaon Road,Finglas,Dublin 11,,Dublin,Dublin City Council,018341585,Tim Walsh,info@stcanices.com,D11TW01,N,Y,N,No subjects through Irish,Catholic,,408,408
18683H,ST CANICES G N S,Seamus Ennis Road,Finglas,Dublin 11,,Dublin,Dublin City Council,018342072,Dearbhla White,info@stcanicesgns.ie,D11C927,N,Y,N,No subjects through Irish,Catholic,486,,486
18726W,S N SEOSAMH NA MBRATHAR,Marino Park Avenue,Fairview,Dublin 3,,Dublin,Dublin City Council,018336127,Kevin Gillen,barbara@stjosephscbs.ie,D03H524,N,Y,N,No subjects through Irish,Catholic,,125,125
18778S,S N NAOMH MOCHTA,Porterstown Road,Clonsilla,Dublin 15,,Dublin,Fingal County Council,018130430,Maria Farrell,info@stmochtas.ie,D15Y316,N,N,N,No subjects through Irish,Catholic,426,459,885
18806U,KILTERNAN N S 1,Kilternan,Dublin 18,,,Dublin,Dun Laoghaire Rathdown,012955682,Brenda Carson,school@ourladyofthewaysidens.ie,D18CY28,N,N,N,No subjects through Irish,Catholic,136,184,320
18817C,S N BRIGHDE,Cullenswood House,Bóthar Feadha Cuilinn,Raghnallach,Baile Átha Cliath 6,Dublin,Dublin City Council,014973390,Gráinne Dollard,scoilbhride01@gmail.com,D06E8K7,N,N,N,All subjects through Irish,Catholic,212,224,436
18843D,BAINRION NA N-AINGAL 2,Gurteen Road,Ballyfermot,Dublin 10,,Dublin,Dublin City Council,016235067,Seán O'Shea,maryqueenofangels2@gmail.com,D10C527,N,Y,N,No subjects through Irish,Catholic,,131,131
18886V,KILL-O'-THE-GRANGE NS,Deansgrange,Blackrock,Co. Dublin,,Dublin,Dun Laoghaire Rathdown,012894578,Hilary McBain,admin@kogrange.com,A94X225,N,N,N,No subjects through Irish,Church Of Ireland,102,115,217
18910P,BANTIARNA NA MBUANNA BOYS,Ballymun Rd,DUBLIN 9,,,Dublin,Dublin City Council,018375255,Roisin Hickey,olvboys.ias@eircom.net,D09HC90,N,Y,N,No subjects through Irish,Catholic,,200,200
18911R,BANTIARNA NA MBUANNA GIRLS,Ballymun Road,Dublin 9,,,Dublin,Dublin City Council,018379833,Lorna Greene,victories.ias@eircom.net,D09NY99,N,Y,N,No subjects through Irish,Catholic,202,,202
18968A,ST MALACHYS B N S,Edenmore Park,Raheny,Dublin 5,,Dublin,Dublin City Council,018478952,Grainne Roche,stmalachyse.ias@eircom.net,D05HP30,N,Y,N,No subjects through Irish,Catholic,,160,160
18969C,ST EITHNES SENIOR GIRLS NS,Edenmore,Raheny,Dublin 5,,Dublin,Dublin City Council,018480630,Cormac Henry,steithnesgns@gmail.com,D05NH04,N,Y,N,No subjects through Irish,Catholic,87,,87
18976W,S N CHOLMILLE B,Chapel Lane,Swords,,,Dublin,Fingal County Council,018405132,Ciara Brangan,colmcilles@gmail.com,K67WP65,N,N,N,No subjects through Irish,Catholic,,407,407
18977B,S N CHOLMCILLE C,Chapel Lane,Swords,Co. Dublin,,Dublin,Fingal County Council,018404168,Karen Burke Logue,colmcillesgns@gmail.com,K67H337,N,N,N,No subjects through Irish,Catholic,435,,435
19001G,BALLYBOGHILL N S,Ballyboughal,Co. Dublin,,,Dublin,Fingal County Council,018433469,Maeve O'Doherty,principal@ballyboughalns.ie,A41RC98,N,N,N,No subjects through Irish,Catholic,114,107,221
19006Q,EOIN BAISDE B SOIS,Seafield Road,Clontarf,Dublin 3,,Dublin,Dublin City Council,018336539,John O'Sullivan,info@belgrovejbs.ie,D03TD21,N,N,N,No subjects through Irish,Catholic,,334,334
19007S,EOIN BAISDE C NAOIDH,Seafield Road West,Clontarf,Dublin 3,,Dublin,Dublin City Council,018332459,Dearbhla O'Driscoll,secretary@belgrove.ie,D03XK27,N,N,N,No subjects through Irish,Catholic,276,,276
19015R,ST JOSEPHS G N S,Barry Avenue,Finglas West,Dublin 11,,Dublin,Dublin City Council,018342433,Áine Fitzgerald,principal@stjosephsfinglas.net,D11A8PD,N,Y,N,No subjects through Irish,Catholic,169,,169
19037E,ST MONICAS N S,Edenmore Park,Raheny,Dublin 5,,Dublin,Dublin City Council,018674540,Sinead Mullen,scoilmonica@gmail.com,D05VX21,N,Y,N,No subjects through Irish,Catholic,45,,45
19066L,LORETO NATIONAL SCHOOL,Loreto Avenue,Dalkey,Co. Dublin,,Dublin,Dun Laoghaire Rathdown,012802128,Fióna McKenna,secretary@loretopsdalkey.ie,A96P8N3,N,N,N,No subjects through Irish,Catholic,273,79,352
19114T,ST PATRICK GNS,Ballyroan,Rathfarnham,Dublin 16,,Dublin,South Dublin County Council,014946566,Anna Jennings,info@snp.ie,D16XK80,N,N,N,No subjects through Irish,Catholic,438,124,562
19177U,ST PIUS X N S BOYS,Fortfield Park,Terenure,Dublin 6,,Dublin,South Dublin County Council,014903057,Lorcan Coyle,secretary@piusxbns.ie,D6WHP92,N,N,N,No subjects through Irish,Catholic,,542,542
19178W,ST PIUS X G N S,Fortfield Park,Terenure,Dublin 6W,,Dublin,South Dublin County Council,014901052,Áine Doyle,secretary@piusxgns.ie,D6WPN27,N,N,N,No subjects through Irish,Catholic,541,,541
19197D,ST KEVINS B N S,Barry Avenue,Finglas West,Dublin 11,,Dublin,Dublin City Council,018343061,Noleen Griffiths,stkevinsadmin@eircom.net,D11VW22,N,Y,N,No subjects through Irish,Catholic,,169,169
19208F,HOLY SPIRIT B N S,Sillogue Road,Ballymun,Dublin 11,,Dublin,Dublin City Council,018421230,Vivienne Bryan,holyspiritbns@yahoo.co.uk,D11N207,N,Y,N,No subjects through Irish,Catholic,,337,337
19209H,SN AN SPIORAID NAIOMH C,Sillogue Road,Ballymun,Dublin 11,,Dublin,Dublin City Council,018420207,Emma Conroy,principal@holyspiritgns.ie,D11X26P,N,Y,N,No subjects through Irish,Catholic,308,,308
19220S,SCOIL NAOMH IDE,New Road,Clondalkin,Dublin 22,,Dublin,South Dublin County Council,014592766,Orla Ní Odhráin,secretary@scoilidepps.com,D22ED72,N,N,N,No subjects through Irish,Catholic,199,73,272
19221U,SCOIL NAOMH AINE,New Road,Clondalkin Village,Dublin 22,,Dublin,South Dublin County Council,014591645,Karen McKevitt (Acting),admin@scoilaine.ie,D22X577,N,N,N,No subjects through Irish,Catholic,203,57,260
19242F,OUR LADY OF VICTORIES INFANT N S,Ballymun Road,Dublin 9,,,Dublin,Dublin City Council,018372372,Mary McDonnell,office@olvinfants.com,D09YC99,N,Y,N,No subjects through Irish,Catholic,115,118,233
19258U,SCOIL PADRAIG NAOFA B,Hollypark,Blackrock,Co. Dublin,,Dublin,Dun Laoghaire Rathdown,012896042,Barry O'Donovan,info@hollyparkbns.ie,A94FE02,N,N,N,No subjects through Irish,Catholic,,623,623
19259W,ST PATRICKS GNS,Foxrock Avenue,Foxrock,Dublin 18,,Dublin,Dun Laoghaire Rathdown,012893293,Bernadette Gunning,hollyparkgns@gmail.com,D18V659,N,N,N,No subjects through Irish,Catholic,568,,568
19297H,CROMCASTLE GREEN B N S,Cromcastle Green,Kilmore West,DUBLIN 5,,Dublin,Dublin City Council,018476709,Martin Stynes,mrstynes@scoilfhursa.ie,D05YP68,N,Y,N,No subjects through Irish,Catholic,,212,212
19298J,SCOIL NAIS IDE CAILINI,Cromcastle Green,Kilmore West,Dublin 5,,Dublin,Dublin City Council,018476048,Andrea Lynch,info@scoilidegns.ie,D05TN12,N,Y,N,No subjects through Irish,Catholic,145,,145
19302U,SN NA MAIGHDINE MUIRE B,Shangan Road,Ballymun,Dublin 9,,Dublin,Dublin City Council,018421314,John Clinton,Info@virginmarybns.ie,D09H2F2,N,Y,N,No subjects through Irish,Catholic,,131,131
19303W,VIRGIN MARY GIRLS NATIONAL SCHOOL,Shangan Road,Ballymun,Dublin 9,,Dublin,Dublin City Council,018421614,Niamh Cuthbert,info@virginmarygns.ie,D09T2X6,N,Y,N,No subjects through Irish,Catholic,166,,166
19308J,ST BRIGIDS BOYS N S,Howth Road,Killester,Dublin 5,,Dublin,Dublin City Council,018336149,Nuala Cullen,info@stbrigidsbns.ie,D05A386,N,N,N,No subjects through Irish,Catholic,,350,350
19309L,SCOIL NEASAIN,Baile Harmain,Baile Átha Cliath 5,,,Dublin,Dublin City Council,018316338,Deirble Nic Conghamhna,oifigscn@gmail.com,D05VF95,N,N,N,All subjects through Irish,Catholic,123,129,252
19314E,SCOIL NA MAIGHDINE MHUIRE BOY,Broadford Rise,Ballinteer,Dublin 16,,Dublin,Dun Laoghaire Rathdown,014946647,Colette Howlett (Acting Principal),info@olbns.com,D16CX60,N,N,N,No subjects through Irish,Catholic,,283,283
19319O,ST Olaf's National School,Balally Drive,Dundrum,Dublin 16,,Dublin,Dun Laoghaire Rathdown,012956513,Ger Murphy,olaf.info@gmail.com,D16E067,N,N,N,No subjects through Irish,Catholic,229,280,509
19320W,OUR LADY OF GOOD COUNSEL BOYS N S,Johnstown,Dún Laoghaire,Co. Dublin,,Dublin,Dun Laoghaire Rathdown,012851449,Neil Cadogan,johnstownbns@olgc.ie,A96AF10,N,N,N,No subjects through Irish,Catholic,,402,402
19321B,OUR LADY GOOD COUNSEL GNS,Woodley Road,Johnstown,Dun Laoghaire,Co. Dublin,Dublin,Dun Laoghaire Rathdown,012853775,Caroline Quinn,office@johnstowngns.ie,A96A033,N,N,N,No subjects through Irish,Catholic,436,10,446
19335M,SCOIL NA AINGEAL,Newtownpark AVenue,Blackrock,Co. Dublin,,Dublin,Dun Laoghaire Rathdown,012833961,Pádraig Ó Néill,info@guardianangels.ie,A94H395,N,N,N,No subjects through Irish,Catholic,243,198,441
19374W,Our lady's Grove Primary School,"Goatstown Road,",Dublin 14,,,Dublin,Dun Laoghaire Rathdown,012988694,Anne Kernan,annekernan@olgps.ie,D14Y993,N,N,N,No subjects through Irish,Catholic,218,221,439
19390U,ST MARKS SEN NS,Springfield,Tallaght,Dublin 24,,Dublin,South Dublin County Council,014513138,Richard Walsh,secretary@saintmarksns.ie,D24FV07,N,N,N,No subjects through Irish,Catholic,272,257,529
19393D,MHUIRE IOSEF JUNIOR,"Verbena Avenue,",Sutton,Dublin 13,,Dublin,Fingal County Council,018326524,Elizabeth Madigan,notices@baysidejunior.ie,D13CD56,N,N,N,No subjects through Irish,Catholic,210,199,409
19395H,SCOIL MOBHI,Bóthar Mobhí,Glasnaíon,Baile Átha Cliath 9,,Dublin,Dublin City Council,018379591,Marcella Nic Niallaigh,oifig@scoilmobhi.ie,D09A303,N,N,N,All subjects through Irish,Catholic,118,136,254
19396J,NA MAIGHDINE MUIRE GIRL,Ballinteer,Dublin 16,,,Dublin,Dun Laoghaire Rathdown,014930736,Yvonne Lane,info@ourladysgns.ie,D16C820,N,N,N,No subjects through Irish,Catholic,297,,297
19400U,SN GLEANN NA GCAORACH INÍON LÉINÍN,Wyvern,Killiney,Co. Dublin,,Dublin,Dun Laoghaire Rathdown,012856011,Sarah Honner,info@gkns.ie,A96P585,N,N,N,No subjects through Irish,Church Of Ireland,110,122,232
19406J,HOLY TRINITY SEN N S,Grange Road,Donaghmede,Dublin 13,,Dublin,Dublin City Council,018474695,David Henry,htnsoffice@eircom.net,D13WY00,N,N,N,No subjects through Irish,Catholic,178,203,381
19430G,SCOIL AN TSEACHTAR LAOCH,Bóthar Bhaile Munna,Baile Átha Cliath 11,,,Dublin,Dublin City Council,018425725,Deirdre Ní Chonghaile,7laoch.ias@eircom.net,D11E306,N,Y,N,All subjects through Irish,Catholic,101,96,197
19431I,ST JOSEPHS JNR,St Joseph's Junior National School,Balbutcher Lane,Ballymun,Dublin 11,Dublin,Dublin City Council,018421801,Jennie McGee,stjosjun@eircom.net,D11ND82,N,Y,N,No subjects through Irish,Catholic,66,88,154
19435Q,ST FRANCIS XAVIER J N S,Roselawn Road,Castleknock,Dublin 15,,Dublin,Fingal County Council,018210892,Heidi Collins,sfxjns1@eircom.net,D15CX84,N,N,N,No subjects through Irish,Catholic,214,199,413
19437U,SCOIL NAITHI,Bóthar Átha Leathan,Baile an tSaoir,Baile Átha Cliath 16,,Dublin,Dun Laoghaire Rathdown,012981931,Paula Ní Uigín,oifig@scoilnaithi.com,D16EK63,N,N,N,All subjects through Irish,Catholic,114,123,237
19438W,SCOIL COLMCILLE SENIOR,Coolevin,Ballybrack,Co. Dublin,,Dublin,Dun Laoghaire Rathdown,012855527,Aidan Boyle,cholmsenior@gmail.com,A96TN32,N,Y,N,No subjects through Irish,Catholic,66,75,141
19446V,SCOIL MHUIRE BOYS,Grange Road,Rathfarnham,Dublin 14,,Dublin,South Dublin County Council,014931477,Edward O'Riordan,secretary@marysbns.ie,D14P046,N,N,N,No subjects through Irish,Catholic,,444,444
19454U,DARNDALE NS JUNIOR,OUR LADY IMMAC JUN NS,DARNDALE,MALAHIDE ROAD,DUBLIN 17,Dublin,Dublin City Council,018476643,Margaret Hughes,ddalejnr@eircom.net,D17TR25,N,Y,N,No subjects through Irish,Catholic,104,109,213
19456B,ST CRONANS JUNIOR NATIONAL SCHOOL,Brackenstown,Swords,Co. Dublin,,Dublin,Fingal County Council,018402194,Edel Moloney,info@stcronansjns.ie,K67DP28,N,N,N,No subjects through Irish,Catholic,265,279,544
19462T,SCOIL MAELRUAIN JUNIOR,Old Bawn,Tallaght,Dublin 24,,Dublin,South Dublin County Council,014513967,Mairéad Ryan,scoilmaelruainjunior@gmail.com,D24T854,N,N,N,No subjects through Irish,Catholic,184,227,411
19463V,SCOIL MAELRUAIN SENIOR,Old Bawn,Tallaght,Dublin 24,,Dublin,South Dublin County Council,014510706,Caitriona Hogan,smsinsear@yahoo.ie,D24EV18,N,N,N,No subjects through Irish,Catholic,207,237,444
19465C,ST KEVINS BOYS,Kilnamanagh,Tallaght,Dublin 24,,Dublin,South Dublin County Council,014517925,James Murray,marion@stkevinsboys.ie,D24A2XF,N,N,N,No subjects through Irish,Catholic,,334,334
19466E,ST KEVINS GIRLS,Kilnamanagh,Tallaght,Dublin 24,,Dublin,South Dublin County Council,014517981,Miriam Dignam,info@stkevinsgns.com,D24R6PT,N,N,N,No subjects through Irish,Catholic,296,,296
19470S,ST FRANCIS XAVIER SENIOR N S,Roselawn,Castleknock,Dublin 15,,Dublin,Fingal County Council,018211121,Adrienne Darby,sfxseniorschool@eircom.net,D15WY02,N,N,N,No subjects through Irish,Catholic,147,213,360
19471U,ST PAULS JUNIOR NATIONAL SCHOOL,Clonrosse Drive,Ard na Gréine,Dublin 13,,Dublin,Dublin City Council,018470479,Elaine McNulty,ayrfieldjns@eircom.net,D13PK10,N,N,N,No subjects through Irish,Catholic,125,101,226
19472W,ST MARKS JUNIOR MIXED,Springfield,Tallaght,Dublin 24,,Dublin,South Dublin County Council,014512076,Deirdre Ní Bhroin,info@stmarksjs.ie,D24FT95,N,N,N,No subjects through Irish,Catholic,245,261,506
19473B,SCOIL BHRIDE,Grange Road,Donaghmede,Dublin 13,,Dublin,Dublin City Council,018470014,Áine Dillon,office@scoilbhridejns.com,D13NY53,N,N,N,No subjects through Irish,Catholic,218,192,410
19474D,SCOIL COLMCILLE NAOFA,Idrone Avenue,Knocklyon,Dublin 16,,Dublin,South Dublin County Council,014947422,David Curtin,office@ccjns.ie,D16H337,N,N,N,No subjects through Irish,Catholic,379,409,788
19480V,ST PATRICKS,St Patrick's Close,Dublin 8,,,Dublin,Dublin City Council,014540588,Jennifer McCormack,choirsch.ias@eircom.net,D08WK19,N,N,N,No subjects through Irish,Church Of Ireland,14,20,34
19489Q,SN NAOMH FINNIN,Glenties Park,Rivermount,Finglas South,Dublin 11,Dublin,Dublin City Council,018341130,Janet O' Donnell (Acting),saintfinians@gmail.com,D11WN70,N,Y,N,No subjects through Irish,Catholic,109,140,249
19490B,SCOIL MHUIRE,Glenmore Court,Ballyboden,Dublin 16,,Dublin,South Dublin County Council,014931967,Owen McLoughlin,omcloughlin@hotmail.com,D16V043,N,Y,N,No subjects through Irish,Catholic,118,110,228
19494J,BISHOP GALVIN NS,Orwell Park,Templeogue,Dublin 6w,,Dublin,South Dublin County Council,014566652,Kathryn Corbett,secretary@bishopgalvin.ie,D6WY791,N,N,N,No subjects through Irish,Catholic,243,243,486
19496N,SCOIL FHIACHRA SOISIR,Montrose Park,Artane,Dublin 5,,Dublin,Dublin City Council,018472367,Áine Carberry,fiachrajunior76@yahoo.com,D05W248,N,N,N,No subjects through Irish,Catholic,330,322,652
19497P,SCOIL MHUIRE,Rathsallagh,Shankill,Dublin 18,,Dublin,Dun Laoghaire Rathdown,012823507,Patricia Slavin,scoilmhuireshankill@gmail.com,D18FT91,N,Y,N,No subjects through Irish,Catholic,149,175,324
19502F,SCOIL AENGHUSA JUN NS,Balrothery,Tallaght,Dublin 24,,Dublin,South Dublin County Council,014513912,Ann Marie Blake,aonghusajnr.ias@scoilaonghusajnr.com,D24YN34,N,Y,N,No subjects through Irish,Catholic,107,107,214
19503H,SCOIL CHRONAIN,An tSráid Mhór,Ráth Cúil,Co. Átha Cliath,,Dublin,South Dublin County Council,014588889,Siobhán Mhic Gearailt,oifig@scoilchronain.ie,D24YW81,N,N,N,All subjects through Irish,Catholic,202,207,409
19505L,SN OILIBHEIR,An Chúil Mhín,Cluain Saileach,Baile Átha Cliath 15,,Dublin,Fingal County Council,018215277,Antóin Ó Cléirigh,priomhoide.scoil.oilibheir@gmail.com,D15PX99,N,N,N,All subjects through Irish,Catholic,133,133,266
19509T,SCOIL NANO NAGLE,Bawnogue Road,Clondalkin,Dublin 22,,Dublin,South Dublin County Council,014571306,Damien Burke,nanonagleinfo2@gmail.com,D22VF68,N,Y,N,No subjects through Irish,Catholic,146,159,305
19510E,TALBOT SENIOR NS,Bawnoge,Clondalkin,Dublin 22,,Dublin,South Dublin County Council,014571226,Loyola Madden,talbotsns@hotmail.com,D22RT44,N,Y,N,No subjects through Irish,Catholic,149,146,295
19515O,SN NAOMH TREASA,Hampton,Balbriggan,Co. Dublin,,Dublin,Fingal County Council,018416270,Killian O'Mahony,adminstteresasps@gmail.com,K32E925,N,Y,N,No subjects through Irish,Catholic,220,221,441
19524P,OUR LADY IMMAC SEN N S,OUR LADY IMMAC SEN NS,DARNDALE,DUBLIN 17,,Dublin,Dublin City Council,018470749,DERMOT AMPHLETT,darndalesns@gmail.com,D17CK81,N,Y,N,No subjects through Irish,Catholic,104,89,193
19533Q,S N MUIRE AGUS IOSEF,Verbena Ave,Bayside,Sutton,Dublin 13,Dublin,Fingal County Council,018393682,Janet Lynch,baysidesns@gmail.com,D13EK83,N,N,N,No subjects through Irish,Catholic,194,237,431
19535U,BRACKENSTOWN SENIOR N S,Brackenstown Road,Swords,Co. Dublin,,Dublin,Fingal County Council,018403488,Loreto Desmond,stcronanssns@eircom.net,K67CH99,N,N,N,No subjects through Irish,Catholic,277,349,626
19537B,ST ATTRACTAS JUNIOR N S,Meadowbrook,Dundrum,Dublin 16,,Dublin,Dun Laoghaire Rathdown,012984352,Thomas Neary,stattractasjns@gmail.com,D16P891,N,N,N,No subjects through Irish,Catholic,147,196,343
19538D,ST KEVINS JUNIOR N S,Newbrook Avenue,Donaghmede,Dublin 13,,Dublin,Dublin City Council,018475969,Orlagh Leonard,stkevinsjns@gmail.com,D13DK88,N,N,N,No subjects through Irish,Catholic,87,110,197
19541P,BELGARD HEIGHTS N S,Cookstown Road,Tallaght,Dublin 24,,Dublin,South Dublin County Council,014517134,Eddie Kelly,solaschriost@gmail.com,D24C621,N,N,N,No subjects through Irish,Catholic,200,204,404
19542R,ST THOMAS JUNIOR NATIONAL SCHOOL,Newcastle Road,Lucan,Co. Dublin,,Dublin,South Dublin County Council,016282691,Michael Maher,stns.ias@eircom.net,K78PF57,N,N,N,No subjects through Irish,Catholic,288,281,569
19543T,SCOIL N AN CROI RO NAOFA,Killinarden,Tallaght,Dublin 24,,Dublin,South Dublin County Council,014524811,Gerry Diver,secretary@sacredheartsns.net,D24K528,N,Y,N,No subjects through Irish,Catholic,142,126,268
19545A,CORDUFF N S,Blackcourt Road,Corduff,Blanchardstown,Dublin 15,Dublin,Fingal County Council,018211546,Áine Kirwan,stpatricksj.ias@eircom.net,D15KD21,N,Y,N,No subjects through Irish,Catholic,101,103,204
19546C,ST OLIVER PLUNKETT N S,St Helena's Drive,Finglas,Dublin 11,,Dublin,Dublin City Council,018344678,Aoife Kavanagh,info@stoliverplunkettsfinglas.ie,D11XA46,N,Y,N,No subjects through Irish,Catholic,72,70,142
19549I,ST FINTANS NS,Carrickbrack Road,Sutton,Dublin 13,,Dublin,Fingal County Council,018391067,Ciarán Caulfield,info@stfintansns.ie,D13X528,N,N,N,No subjects through Irish,Catholic,235,235,470
19556F,ST KILIANS JUNIOR SCHOOL,Kingswood Heights,Castleview,Tallaght,Dublin 24,Dublin,South Dublin County Council,014521009,Catherine Sweeney,Principal@stkiliansjns.ie,D24H303,N,N,N,No subjects through Irish,Catholic,144,130,274
19565G,SCOIL TREASA FIRHOUSE,Ballycullen Avenue,Firhouse,Dublin 24,,Dublin,South Dublin County Council,014513141,Gerard O'Meara,admin@scoiltreasa.ie,D24E985,N,N,N,No subjects through Irish,Catholic,227,204,431
19566I,OUR LADY QUEEN OF APOSTLES,Dunawley Avenue,Clondalkin,Dublin 22,,Dublin,South Dublin County Council,014573636,John Murphy,handp1@eircom.net,D22X729,N,Y,N,No subjects through Irish,Catholic,262,283,545
19569O,NEILLSTOWN N S,Neillstown Road,Clondalkin,Dublin 22,,Dublin,South Dublin County Council,014572811,Laura Hannon,info@stpeterapostlejns.ie,D22AK09,N,Y,N,No subjects through Irish,Catholic,143,154,297
19574H,MARLEY GRANGE NS,Grange Manor Close,Marley Grange,Rathfarnham,Dublin 16,Dublin,South Dublin County Council,014945955,John Williams,divinewordschool@gmail.com,D16FF62,N,N,N,No subjects through Irish,Catholic,239,257,496
19575J,ST MARYS JUNIOR N S,Rowlagh,Clondalkin,Dublin 22,,Dublin,South Dublin County Council,016263266,Patrick McCabe,office@stmarysjunior.ie,D22H504,N,Y,N,No subjects through Irish,Catholic,112,108,220
19576L,S N AENGHUSA,SCOIL N AENGHUSA SIN,BALROTHERY,TALLAGHT,DUBLIN 24,Dublin,South Dublin County Council,014518984,Michele Hamilton,aengusa@hotmail.com,D24PXW8,N,Y,N,No subjects through Irish,Catholic,137,96,233
19577N,SCOIL IOSA,Tymon Road,Tallaght,Dublin 24,,Dublin,South Dublin County Council,014520800,Oonagh Branniff,scoiliosa@gmail.com,D24ND34,N,Y,N,No subjects through Irish,Catholic,61,58,119
19578P,ST HELENS JUNIOR N S,Martello,Portmarnock,Co. Dublin,,Dublin,Fingal County Council,018461763,Lorna M Lavin,secretary@sthelensjunior.com,D13KP93,N,N,N,No subjects through Irish,Catholic,166,191,357
19582G,ST MAELRUAINS N S,Kilclare Avenue,Jobstown,Tallaght,Dublin 24,Dublin,South Dublin County Council,014527933,Tadhg O'Lionaird,stmaelruainss@gmail.com,D24YD74,N,Y,N,No subjects through Irish,Church Of Ireland,35,43,78
19583I,ST JOSEPHS SENIOR N S,Balcurris Road,Ballymun,Dublin 11,,Dublin,Dublin City Council,018422600,Philip Fitzgerald,balcurrisns@gmail.com,D11HY03,N,Y,N,No subjects through Irish,Catholic,69,69,138
19589U,GAELSCOIL INSE CHOR,Droichead ns hInse,Baile Átha Cliath 8,,,Dublin,Dublin City Council,016796748,Colm Ó Nualláin,priomhoidegsic@gmail.com,D08NR26,N,N,N,All subjects through Irish,Catholic,132,109,241
19601H,ST PHILIP THE APOSTLE JUNIOR N S,Mountview,Clonsilla,Dublin 15,,Dublin,Fingal County Council,018212992,Jane O'Connell,philip.the.apostle.jns@gmail.com,D15V124,N,Y,N,No subjects through Irish,Catholic,124,136,260
19605P,SCOIL NAIS MHUIRE SOIS,Blakestown,Mulhuddart,Dublin 15,,Dublin,Fingal County Council,018216916,Charlotte Hughes,smjblakestown@gmail.com,D15F293,N,Y,N,No subjects through Irish,Catholic,124,133,257
19611K,SCOIL NAOMH COLMCILLE,Newbrook Road,Donaghmede,Dublin 13,,Dublin,Dublin City Council,018477300,Annette O'Brien,principal@scholmcille.com,D13XP49,N,N,N,No subjects through Irish,Catholic,99,118,217
19612M,DALKEY SCHOOL PROJECT,GLENAGEARY LODGE,GLENAGEARY,CO DUBLIN,,Dublin,Dun Laoghaire Rathdown,012857199,Miriam Hurley,info@dspns.ie,A96RX32,N,N,N,No subjects through Irish,Multi Denominational,132,104,236
19613O,SCOIL CNOC MHUIRE SIN,Knockmore Avenue,Tallaght,Dublin 24,,Dublin,South Dublin County Council,014512347,Orla Hanahoe,mail@cmsenior.com,D24TF65,N,Y,N,No subjects through Irish,Catholic,70,101,171
19617W,ST MARTIN DE PORRES N S,Heatherview Lawn,Aylesbury,Tallaght,Dublin 24,Dublin,South Dublin County Council,014511319,Valerie O'Loughlin,smdpnsoffice@gmail.com,D24HF54,N,N,N,No subjects through Irish,Catholic,191,220,411
19618B,ST PAULS SEN NS,AYRFIELD,MALAHIDE RD,DUBLIN 13,,Dublin,Dublin City Council,018472810,Séan Ó Seaghdha,office@stpauls-sns.com,D13DD74,N,N,N,No subjects through Irish,Catholic,97,136,233
19619D,ST MALACHYS NS,St. Helena's Road,FINGLAS,DUBLIN 11,,Dublin,Dublin City Council,018345875,Eoin Dolan,stmalachysmns@gmail.com,D11Y880,N,Y,N,No subjects through Irish,Catholic,77,71,148
19624T,SCOIL NAIS CAITRIONA,The Avenue,Rush,Co. Dublin,,Dublin,Fingal County Council,018438266,Gerard O'Shea,secretary@stcatherinesns.ie,K56TY32,N,N,N,No subjects through Irish,Catholic,152,182,334
19625V,Scoil Réalt na Mara,Balbriggan Road,Skerries,Co. Dublin,,Dublin,Fingal County Council,018490049,Máire Ní Odhráin,eolas@realtnamara.ie,K34VW10,N,N,N,No subjects through Irish,Catholic,209,199,408
19627C,JOHN PAUL II N S,Sea Road,Malahide,Co. Dublin,,Dublin,Fingal County Council,018450736,Steve Prendergast,info@pjp.ie,K36P796,N,N,N,No subjects through Irish,Catholic,363,373,736
19628E,ST FIACHRAS SEN N S,St. Fiachras SNS,Montrose Park,Beaumont,Dublin 5,Dublin,Dublin City Council,018477762,Kieran Creaner,secretary@fiachras.ie,D05K3C3,N,N,N,No subjects through Irish,Catholic,363,361,724
19636D,ST PATRICKS SENIOR SCHOOL,CORDUFF,BLANCHARDSTOWN,DUBLIN 15,,Dublin,Fingal County Council,018216563,MARY O'RIORDAN,patcord2019@gmail.com,D15W261,N,Y,N,No subjects through Irish,Catholic,110,116,226
19641T,SCOIL CHOLMCILLE JUNIOR NS,Coolevin,Ballybrack,Co. Dublin,,Dublin,Dun Laoghaire Rathdown,012848899,Irene Connor,cholmjnr@gmail.com,A96FA40,N,Y,N,No subjects through Irish,Catholic,75,91,166
19642V,ST PETER APOSTLE SEN NS,Neilstown,Clondalkin,Dublin 22,,Dublin,South Dublin County Council,014572799,Sophia O'Hara,info@stpeterapostlesns.ie,D22WR59,N,Y,N,No subjects through Irish,Catholic,142,148,290
19643A,ST PHILIPS SENIOR N S,Mountview Road,Clonsilla,Dublin 15,,Dublin,Fingal County Council,018216101,Paula Dargan,stphilipsenior@yahoo.ie,D15RC56,N,Y,N,No subjects through Irish,Catholic,149,156,305
19644C,ST CIARANS N S,Hartstown,Dublin 15,,,Dublin,Fingal County Council,018212233,Tadhg MacAmhlaoibh,principal@stciarans.com,D15ED83,N,N,N,No subjects through Irish,Catholic,311,348,659
19646G,SCOIL SANTAIN,Bóthar na hAbhann Móire,Tamhlacht,Baile Átha Cliath 24,,Dublin,South Dublin County Council,014597613,Eamon Ó Déagha,santain.ias@eircom.net,D24TW35,N,Y,N,All subjects through Irish,Catholic,189,141,330
19647I,ST MARYS SEN N S,ROWLAGH,CLONDALKIN,DUBLIN 22,,Dublin,South Dublin County Council,016262563,Maura Forde,stmarysrowlagh@gmail.com,D22WN40,N,Y,N,No subjects through Irish,Catholic,104,116,220
19652B,AN CHROI RO NAOFA SOIS,Killinarden,Tallaght,Dublin 24,,Dublin,South Dublin County Council,014524064,Martin Morris,admin@shjkillinarden.ie,D24K528,N,Y,N,No subjects through Irish,Catholic,128,130,258
19658N,BISHOP SHANAHAN NS,Orwell Park,Templeogue,Dublin 6W,,Dublin,South Dublin County Council,014508449,Ann P Nolan,secretary@bishopshanahan.ie,D6WX093,N,N,N,No subjects through Irish,Catholic,209,263,472
19660A,RUSH NS,Channel Road,Rush,Co. Dublin,,Dublin,Fingal County Council,018437095,Morgan Doran,office@rushnationalschool.ie,K56VK88,N,N,N,No subjects through Irish,Catholic,353,397,750
19661C,ST GABRIELS NS,Ballyfermot Road,Ballyfermot,Dublin 10,,Dublin,Dublin City Council,016265958,Loretta Dunphy,office@stgabrielsprimary.ie,D10KD76,N,Y,N,No subjects through Irish,Catholic,133,137,270
19662E,ST MICHAELS NS,Kylemore Road,Ballyfermot,Dublin 10,,Dublin,Dublin City Council,016263556,Maria Bourke,office@stmichaelsps.ie,D10YK84,N,Y,N,No subjects through Irish,Catholic,190,189,379
19663G,ST RAPHAELS NS,Ballyfermot Road,Dublin 10,,,Dublin,Dublin City Council,016265953,Caroline Larkin,info@straphaels.ie,D10XW56,N,Y,N,No subjects through Irish,Catholic,173,189,362
19668Q,ST FRANCIS SENIOR N S,Clonshaugh Drive,"Priorswood,",Dublin 17,,Dublin,Dublin City Council,018470656,Michael Kennedy,fransns.ias@eircom.net,D17F978,N,Y,N,No subjects through Irish,Catholic,114,105,219
19669S,LADY OF GOOD COUNSEL BOYS SENIOR NS,Mourne Road,Drimnagh,Dublin 12,,Dublin,Dublin City Council,014551672,Aidan Knight,principal@olgcbnsdrimnagh.com,D12H213,N,Y,N,No subjects through Irish,Catholic,,146,146
19676P,SCOIL AINE NAOFA,Esker,Lucan,Co. Dublin,,Dublin,South Dublin County Council,016281972,Conor Reilly,secretary@scaine.ie,K78N8X6,N,N,N,No subjects through Irish,Catholic,282,312,594
19693P,MARY QUEEN OF IRELAND N S,TOBERBURR,CO DUBLIN,,,Dublin,Fingal County Council,018404629,Mrs.Aileen O'Donnell,toberburrns@eircom.net,K67E718,N,Y,N,No subjects through Irish,Catholic,43,52,95
19694R,SCOIL MHUIRE SIN,Blakestown,Mulhuddart,Dublin 15,,Dublin,Fingal County Council,018212288,Pauline Morley,admin@scoilmhuiresenior.ie,D15YK58,N,Y,N,No subjects through Irish,Catholic,123,138,261
19702N,ST THOMAS JUNIOR N S,Fortunestown Road,Tallaght,Dublin 24,,Dublin,South Dublin County Council,014525855,Suzanne O'Reilly,info@stthomasjns.ie,D24X577,N,Y,N,No subjects through Irish,Catholic,184,178,362
19707A,ST RONANS N S,St Cuthbert's Road,Deansrath,Dublin 22,,Dublin,South Dublin County Council,014573653,Mary Fitzgerald,stronans28@yahoo.ie,D22C861,N,Y,N,No subjects through Irish,Catholic,197,207,404
19716B,ST ATTRACTAS SENIOR N S,Meadowbrook,Dundrum,Dublin 16,,Dublin,Dun Laoghaire Rathdown,012951627,Shane Maguire,oifigstattracta@gmail.com,D16HW66,N,N,N,No subjects through Irish,Catholic,177,179,356
19721R,HOLY FAMILY JUNIOR N S,Forest Fields,Swords,Co. Dublin,,Dublin,Fingal County Council,018404394,Declan Power,hfjns3.ias@eircom.net,K67PX92,N,N,N,No subjects through Irish,Catholic,323,321,644
19723V,QUEEN OF ANGELS PRIMARY SCHOOL,Wedgewood,Sandyford,Dublin 16,,Dublin,Dun Laoghaire Rathdown,012955483,Avila Donegan (Acting Principal),secretary@qoa.ie,D16AX05,N,Y,N,No subjects through Irish,Catholic,141,173,314
19727G,ST MARYS CENTRAL N S,Belmont Avenue,Donnybrook,Dublin 4,,Dublin,Dublin City Council,012195734,Anne Purcell,office@saintmarys.ie,D04K025,N,N,N,No subjects through Irish,Catholic,320,218,538
19742C,ST COLMCILLE SENIOR N S,Idrone Avenue,Knocklyon,Dublin 16,,Dublin,South Dublin County Council,014942527,Brian Mc Gowan,colmcillessklsec@eircom.net,D16W8K0,N,N,N,No subjects through Irish,Catholic,385,411,796
19743E,ST BERNADETTES JUNIOR N S,Quarryvale,Clondalkin,Dublin 22,,Dublin,South Dublin County Council,016263188,Donal Ward,stbjns@gmail.com,D22CD39,N,Y,N,No subjects through Irish,Catholic,100,109,209
19755L,SACRED HEART N S,Huntstown,Mulhuddart,Dublin 15,,Dublin,Fingal County Council,018216400,Kieran Lyons,sacredheartns@gmail.com,D15KF65,N,N,N,No subjects through Irish,Catholic,423,424,847
19762I,ST HELENS SENIOR N S,Limetree Ave,Portmarnock,Co. Dublin,,Dublin,Fingal County Council,018461808,Gwyneth Bhreathnach,admin@helens.ie,D13X326,N,N,N,No subjects through Irish,Catholic,157,174,331
19764M,OUR LADY OF WAYSIDE N S,Bluebell Road,Bluebell,Dublin 12,,Dublin,Dublin City Council,014501030,John Murtagh,school@olw.ie,D12KC63,N,Y,N,No subjects through Irish,Catholic,56,61,117
19765O,ST THOMAS SENIOR N S,Jobstown,Tallaght,Dublin 24,,Dublin,South Dublin County Council,014526555,Eithne O'Shea,info@stthomas.ie,D24YN90,N,Y,N,No subjects through Irish,Catholic,192,207,399
19769W,SCOIL THOMAIS,Laurel Lodge,Castleknock,Dublin 15,,Dublin,Fingal County Council,018201022,Mary McGarry,deputy@scoilthomais.ie,D15VW02,N,N,N,No subjects through Irish,Catholic,333,373,706
19774P,ST JOSEPHS MXD N S,East Wall Road,Dublin 3,,,Dublin,Dublin City Council,018556284,Niall Heneghan,stjosephscoedeastwall@gmail.com,D03HF24,N,Y,N,No subjects through Irish,Catholic,113,109,222
19775R,SCOIL CNOC MHUIRE JUNIOR,Knockmore Avenue,Killinarden,Tallaght,Dublin 24,Dublin,South Dublin County Council,014525266,Dearbhla Byrne,office@knockmorejns.ie,D24C921,N,Y,N,No subjects through Irish,Catholic,82,89,171
19777V,GAELSCOIL MIDE,Bóthar an Ghleanntáin Ghlais,Cill Bharróg,Baile Átha Cliath 5,,Dublin,Dublin City Council,018393968,Joe Ó Dónaill,gaelscoilmide@gmail.com,D05YN51,N,N,N,All subjects through Irish,Catholic,112,127,239
19782O,ST BRIGIDS N S,Brookfield,Tallaght,Dublin 24,,Dublin,South Dublin County Council,014514700,Maeve Cloke,secretary@stbrigidsbrookfield.ie,D24X343,N,Y,N,No subjects through Irish,Catholic,104,122,226
19785U,ST BERNADETTES SENIOR N S,Quarryvale,Clondalkin,Dublin 22,,Dublin,South Dublin County Council,016267116,James Ryan,office@bernadettes.ie,D22PW58,N,Y,N,No subjects through Irish,Catholic,97,114,211
19799I,SACRED HEART N S,Sruleen,Clondalkin,Dublin 22,,Dublin,South Dublin County Council,014572988,Liam Kelly,info@sruleenns.com,D22H224,N,N,N,No subjects through Irish,Catholic,233,242,475
19817H,ST MARYS N S,Airlie Heights,Lucan,Co. Dublin,,Dublin,South Dublin County Council,016240203,John Egan,office@scoilmhuire.ie,K78KP94,N,N,N,No subjects through Irish,Catholic,244,237,481
19831B,SCOIL CHAOIMHIN,Sráid Mhaoilbhríde,Baile Átha Cliath 1,,,Dublin,Dublin City Council,018788594,Ciaran Ó Fearraigh,scoilchaoimhin@gmail.com,D01YT29,N,Y,N,All subjects through Irish,Catholic,31,29,60
19834H,ST AIDANS NS,Brookfield,Tallaght,Dublin 24,,Dublin,South Dublin County Council,014596016,Tomas Hayes,principal@staidanssns.ie,D24XN24,N,Y,N,No subjects through Irish,Catholic,149,143,292
19837N,DRIMNAGH CASTLE CBS N S,Drimnagh Castle,Long Mile Road,Dublin 12,,Dublin,Dublin City Council,014552066,Eugene Duffy,drimnaghcastle.ias@gmail.com,D12C893,N,N,N,No subjects through Irish,Catholic,,371,371
19840C,HOLY FAMILY SCHOOL,Dunedin Park,Monkstown Farm,Glenageary,Co. Dublin,Dublin,Dun Laoghaire Rathdown,012809242,Margaret Martyn,holyfamilydunedin@gmail.com,A96TW60,N,Y,N,No subjects through Irish,Catholic,74,83,157
19845M,NORTH DUBLIN NS PROJECT,BALLYMUN ROAD,DUBLIN 9,,,Dublin,Dublin City Council,018371620,RUTH DONALD,ruthdonald@ndnsp.ie,D09PE80,N,N,N,No subjects through Irish,Multi Denominational,102,124,226
19850F,LADYSWELL N S,Dromheath Gardens,Mulhuddart,Dublin 15,,Dublin,Fingal County Council,018204255,Niall Murray,ladyswellns@gmail.com,D15DD40,N,Y,N,No subjects through Irish,Catholic,238,259,497
19855P,GAELSCOIL CHLUAIN DOLCAIN,Seanbhóthar Nangair,Cluain Dolcáin,Baile Átha Cliath 22,,Dublin,South Dublin County Council,014574970,Seán Mac Cárthaigh,oifig@gscd.ie,D22PE04,N,N,N,All subjects through Irish,Catholic,245,196,441
19865S,DIVINE MERCY JUNIOR NATIONAL SCHOOL,Lynch's Lane,Lucan,Co. Dublin,,Dublin,South Dublin County Council,014573095,Marie Mullins,dmbalgaddyjns@gmail.com,K78FW98,N,N,N,No subjects through Irish,Catholic,130,182,312
19872P,SCOIL CHAITLIN MAUDE,Garrán an Choill,Tamhlacht,Baile Átha Cliath 24,,Dublin,South Dublin County Council,014596141,Bairbre Ní Ghoill,oifig@scoilcm.ie,D24C921,N,Y,N,All subjects through Irish,Catholic,188,156,344
19877C,HOLY FAMILY SENIOR N S,Forest Fields,River Valley,Swords,Co. Dublin,Dublin,Fingal County Council,018406334,Geraldine Gowen,secretary@holyfamilysns.ie,K67V9V2,N,N,N,No subjects through Irish,Catholic,356,370,726
19878E,Holy Rosary Primary School,Old Court Avenue,Tallaght,Dublin 24,,Dublin,South Dublin County Council,014521369,Dolores Kelly,holyrosaryps1@gmail.com,D24H022,N,Y,N,No subjects through Irish,Catholic,296,297,593
19888H,ST ANNES MXD N S,Stonebridge Road,Shankill,Co. Dublin,,Dublin,Dun Laoghaire Rathdown,012825565,John Fingleton,stannesnsshankill@gmail.com,D18AV61,N,N,N,No subjects through Irish,Catholic,250,240,490
19893A,ST KILIANS SENIOR N S,Kingswood Heights,Tallaght,Dublin 24,,Dublin,South Dublin County Council,014510100,Barry Frisby,stkilians@gmail.com,D24F797,N,N,N,No subjects through Irish,Catholic,120,140,260
19896G,SCOIL CAITRIONA NA MBRAITHRE,59 Lower Baggot Street,Dublin 2,,,Dublin,Dublin City Council,016766132,Siobhán Weekes,info@scoilchaitrionabaggotstreet.ie,D02H365,N,Y,N,No subjects through Irish,Catholic,85,77,162
19898K,GAELSCOIL AN DUINNINIGH,Draighneán,Bóthar Fhaol Droma,Sord,Co. Átha Cliath,Dublin,Fingal County Council,018409640,Nóirín Ní Laighin,oifig@scoiland.ie,K67V207,N,N,N,All subjects through Irish,Catholic,239,211,450
19901T,BOOTERSTOWN N S,CROSS AVE,BLACKROCK,CO DUBLIN,,Dublin,Dun Laoghaire Rathdown,012885514,RACHEL FRASER,office@booterstownnationalschool.ie,A94E524,N,N,N,No subjects through Irish,Church Of Ireland,49,40,89
19904C,HOLY CROSS N S,Kilmacud Road Upper,Dundrum,Dublin 14,,Dublin,Dun Laoghaire Rathdown,012985493,Ultan Mac Mathuna,admin@holycrossschool.ie,D14AD66,N,N,N,No subjects through Irish,Catholic,144,157,301
19907I,GAELSCOIL MOLOGA,"Bóthar Thigh Chláir,",Cros Araild,BAILE ATHA CLIATH 6W,,Dublin,Dublin City Council,014923888,DAIRE MAC PHAIDIN,runaiscoilmologa@gmail.com,D6WEA22,N,N,N,All subjects through Irish,Catholic,120,108,228
19913D,ST JOSEPHS NS,Macroom Road,Bonnybrook,Dublin 17,,Dublin,Dublin City Council,018475616,Rosemarie Gaffney,secretarystjosephsns@gmail.com,D17DY60,N,Y,N,No subjects through Irish,Catholic,156,191,347
19919P,ST DAVIDS N S,Kilmore Road,Artane,Dublin 5,,Dublin,Dublin City Council,018487979,Dwain Moore,stdavidsbns@gmail.com,D05E510,N,N,N,No subjects through Irish,Catholic,,285,285
19920A,ST JOHN OF GOD N S,Kilmore Road,Artane,Dublin 5,,Dublin,Dublin City Council,018477193,Aoife McNicholas,info@stjohnofgodartane.com,D05E265,N,Y,N,No subjects through Irish,Catholic,168,,168
19922E,OUR LADYS N S,St Columbanus,Milltown,Dublin 14,,Dublin,Dun Laoghaire Rathdown,012981989,Edel Collins,olnsclonskeagh@gmail.com,D14N8H4,N,Y,N,No subjects through Irish,Catholic,110,144,254
19924I,HAROLDS CROSS N S,Clareville Road,Harold's Cross,Dublin 6W,,Dublin,Dublin City Council,014922321,Bernadette Kehoe,office@haroldscrossns.ie,D6WFR66,N,Y,N,No subjects through Irish,Catholic,161,220,381
19926M,GAELSCOIL CHOLAISTE MHUIRE,4 Cearnóg Parnell,Baile Átha Cliath,,,Dublin,Dublin City Council,018729131,Pól Hansard,GCMBAC1@GMAIL.COM,D01WC99,N,N,N,All subjects through Irish,Catholic,100,95,195
19928Q,RANELAGH MULTI DENOM NS,Ranelagh Road,Ranelagh,Dublin 6,,Dublin,Dublin City Council,014961722,Rosemarie Stynes,principal@rmds.ie,D06Y658,N,N,N,No subjects through Irish,Multi Denominational,112,120,232
19929S,ST BRIGIDS SENIOR GIRLS,Wellmount Avenue,Finglas West,Dublin 11,,Dublin,Dublin City Council,018342416,Siobhan Loughman,info@stbrigidssgns.ie,D11X262,N,Y,N,No subjects through Irish,Catholic,222,8,230
19933J,SCOIL TREASA NAOFA,Petrie Road,Donore Avenue,Dublin 8,,Dublin,Dublin City Council,014541899,Ann Marie Spillane,principal@scoiltreasanaofa.ie,D08XP02,N,Y,N,No subjects through Irish,Catholic,74,118,192
19935N,SCOIL EOIN,Greendale Road,Dublin 5,,,Dublin,Dublin City Council,018323281,Cathy Burke,principalscoileoin@gmail.com,D05K5P2,N,Y,N,No subjects through Irish,Catholic,58,81,139
19938T,ST JOSEPHS,Tivoli Road,Dun Laoghaire,Co. Dublin,,Dublin,Dun Laoghaire Rathdown,012803504,Padraic Fay,principal@dunlaoghairens.ie,A96VF34,N,Y,N,No subjects through Irish,Catholic,145,171,316
19939V,SCOIL NAISIUNTA AN DEA AOIRE,Whitehall Road,Churchtown,Dublin 14,,Dublin,Dun Laoghaire Rathdown,012989475,Órlaith Veale,school@goodshepherd.ie,D14Y448,N,Y,N,No subjects through Irish,Catholic,93,117,210
19940G,GAELSCOIL NAOMH PADRAIG,Bóthar an Chaisleán,Leamhcán,Co. Átha Cliath,,Dublin,South Dublin County Council,016241355,Liam Breathnach,oifig.gsnp@gmail.com,K78RK40,N,N,N,All subjects through Irish,Catholic,215,239,454
19943M,ST DAMIENS NS,Quarry Drive,Perrystown,Dublin 12,,Dublin,South Dublin County Council,014508932,Aodh OConnor,stdamiansoffice@gmail.com,D12FWV6,N,N,N,No subjects through Irish,Catholic,97,132,229
19945Q,RATHFARNHAM EDUCATE TOGETHER,Loreto Avenue,Rathfarnham,Dublin 14,,Dublin,Dun Laoghaire Rathdown,014938677,Maeve McCarthy,info@retns.ie,D14V5W4,N,N,N,No subjects through Irish,Multi Denominational,111,105,216
19946S,RUTLAND NATIONAL SCHOOL,Lower Gloucester Place,Dublin 1,,,Dublin,Dublin City Council,018747331,Niamh Murray,rutlandns@gmail.com,D01AE73,N,Y,N,No subjects through Irish,Catholic,81,81,162
19949B,ISLAMIC NATIONAL SCHOOL,19 Roebuck Road,Clonskeagh,Dublin 14,,Dublin,Dun Laoghaire Rathdown,012961340,Maureen Larkin,mns0003@hotmail.com,D14V386,N,N,N,No subjects through Irish,Muslim,154,151,305
19954R,NORTH BAY EDUCATE TOGETHER NS,GREENDALE AVENUE,KILBARRACK,DUBLIN 5,,Dublin,Dublin City Council,018325536,SallyMcGinley,principal@northbay.ie,D05K744,N,N,N,No subjects through Irish,Multi Denominational,102,110,212
19960M,ST JOHNS N S,Church Road,Ballybrack,Co. Dublin,,Dublin,Dun Laoghaire Rathdown,012855525,Catherine Coady,office@stjohnsns.ie,A96NW60,N,Y,N,No subjects through Irish,Catholic,70,117,187
19979K,ST KEVINS N S,Pearse Street,Sallynoggin,Co. Dublin,,Dublin,Dun Laoghaire Rathdown,012854309,Dr. Barry O'Leary,stkevinsns@eircom.net,A96W862,N,Y,N,No subjects through Irish,Catholic,90,110,200
19981U,ST MARYS N S,Windsor Avenue,Fairview,Dublin 3,,Dublin,Dublin City Council,018377551,Eibhlín McGarry,secretary@stmarysfairview.ie,D03AH64,N,Y,N,No subjects through Irish,Catholic,163,59,222
19991A,GAELSCOIL NA CAMOIGE,Bóthar an Úlloird,Cluain Dolcáin,Baile Átha Cliath 22,,Dublin,South Dublin County Council,014576878,Aoife Ni Raghallaigh ( Acting),gncamoige@gmail.com,D22X048,N,N,N,All subjects through Irish,Catholic,123,121,244
20012S,GRIFFITH BARRACKS MULTI D SCHOOL,The Old Guardhouse,South Circular Road,Dublin 8,,Dublin,Dublin City Council,014547278,Eddie Fox,office@griffithbarracks.ie,D08KVY4,N,N,N,No subjects through Irish,Multi Denominational,144,165,309
20015B,GAELSCOIL BHAILE MUNNA,Bóthar Choltraí,Baile Munna,Baile Átha Cliath 9,,Dublin,Dublin City Council,018622275,Ray Dempsey,eolas@gaelscoilbhailemunna.ie,D09TY74,N,Y,N,All subjects through Irish,Catholic,96,80,176
20020R,GAELSCOIL THAOBH NA COILLE,Beallairmín,An Chéim,Baile Átha Cliath 18,,Dublin,Dun Laoghaire Rathdown,012950000,Emer Nic Chonchradha,gaelscoil@taobhnacoille.ie,D18TK40,N,N,N,All subjects through Irish,Catholic,222,236,458
20029M,ST BRIGIDS INFANT N S,Wellmount Avenue,Finglas West,Dublin 11,,Dublin,Dublin City Council,018348770,Margaret O'Reilly,stbrigidsinfantschool@eircom.net,D11F992,N,Y,N,No subjects through Irish,Catholic,120,112,232
20035H,ST GABRIELS N S,COWPER STREET,DUBLIN 7,,,Dublin,Dublin City Council,018384853,Suzanne Comerford,principal@stgabrielsns.ie,D07CX50,N,Y,N,No subjects through Irish,Catholic,46,82,128
20043G,GAELSCOIL CHNOC LIAMHNA,SEAN BHÓTHAR CHNOC LIAMHNA,BOTHAR CNOC LIAMHNA,BAILE ÁTHA CLIATH 16,,Dublin,South Dublin County Council,014939262,MAIRE NI GHALLACHOIR,runai@gaelscoilcl.com,D16HR26,N,N,N,All subjects through Irish,Catholic,118,104,222
20047O,GAELSCOIL BHARRA,Naomh Fionbarra CLG,Ascal an Fhasaigh,Cabrach,Baile Átha Cliath 7,Dublin,Dublin City Council,018684827,Seán Ó Donaile,oifig@gaelscoilbharra.net,D07CF72,N,Y,N,All subjects through Irish,Catholic,107,103,210
20048Q,GAELSCOIL LIOS NA NOG,Teach Feadha Chuileann,Bóthar Oakley,Raghnallach,Baile Átha Cliath 6,Dublin,Dublin City Council,014975300,Áine Nic an tSíthigh,eolas@gsliosnanog.ie,D06WF43,N,N,N,All subjects through Irish,Catholic,104,124,228
20052H,GAELSCOIL CHOLMCILLE,Lána na Cúlóige,Baile Átha Cliath 17,,,Dublin,Dublin City Council,018940440,Neasa Ní Aoláin,eolas@gaelscoilcholmcille.ie,D17W021,N,N,N,All subjects through Irish,Catholic,153,121,274
20056P,GAELSCOIL PHADRAIG,Ascaill Shíleann,Baile Breac,Co. Átha Cliath,,Dublin,Dun Laoghaire Rathdown,012827345,Roise Uí Labhraidh,gaelscoilphadraig@gmail.com,A96KF64,N,N,N,All subjects through Irish,Catholic,72,78,150
20059V,MOTHER OF DIVINE GRACE,Ferndale Avenue,Ballygall,Dublin 11,,Dublin,Dublin City Council,018344000,Eleanor Fahy,school@mdgballygall.com,D11VW68,N,Y,N,No subjects through Irish,Catholic,245,246,491
20060G,MONKSTOWN EDUCATE TOGETHER NS,Kill Avenue,Dun Laoghaire,Co. Dublin,,Dublin,Dun Laoghaire Rathdown,012303696,Ann Marie Kenrick,office@metns.ie,A96R528,N,N,N,No subjects through Irish,Multi Denominational,249,210,459
20064O,OUR LADY OF CONSOLATION NS,Collins Avenue East,Donnycarney,Dublin 5,,Dublin,Dublin City Council,018310721,Aoife Ní Bhreacháin,office@olocschool.ie,D05RW80,N,Y,N,No subjects through Irish,Catholic,201,86,287
20066S,LUCAN EDUCATE TOGETHER NS,Mount Bellew Way,Willsbrook,Lucan,Co. Dublin,Dublin,South Dublin County Council,016281298,Mary Tuohy,info@letns.org,K78C922,N,N,N,No subjects through Irish,Multi Denominational,202,237,439
20091R,ST PETERS NS,Saint Peter's Road,Phibsborough,Dublin 7,,Dublin,Dublin City Council,018680501,Raymond Ryan,office@stpetersns.net,D07F75C,N,Y,N,No subjects through Irish,Catholic,220,249,469
20092T,ST ULTANS NS,Cherry Orchard Avenue,Ballyfermot,Dublin 10,,Dublin,Dublin City Council,016434599,Gary Jones,office@stultans.ie,D10NY53,N,Y,N,No subjects through Irish,Catholic,202,200,402
20095C,GAELSCOIL BHRIAN BÓROIMHE,Coill na nÚll,Sord,Co. Átha Cliath,,Dublin,Fingal County Council,018902799,Séamus Seaghach,oifig@gsbb.ie,K67T3H2,N,N,N,All subjects through Irish,Inter Denominational,224,264,488
20098I,CASTLEKNOCK EDUCATE TOGETHER NS,Beechpark Avenue,Castleknock,Dublin 15,,Dublin,Fingal County Council,018219331,Aedín Ní Thuathail,secretary@cetns.ie,D15X094,N,N,N,No subjects through Irish,Multi Denominational,189,243,432
20103V,JOHN SCOTTUS NS,47/49 Northumberland Road,Ballsbridge,Dublin 4,,Dublin,Dublin City Council,016609309,Cónall Clancy,primary@johnscottus.ie,D04R128,N,N,N,No subjects through Irish,Multi Denominational,95,95,190
20104A,ST AUDOENS NS,Cook Street,Merchant's Quay,Dublin 8,,Dublin,Dublin City Council,016779856,Eilish Meagher,info@staudoens.ie,D08XP83,N,Y,N,No subjects through Irish,Catholic,80,105,185
20130B,ST PATRICKS NS,St. Patrick's National School,Diswellstown Lawn,Castleknock,Dublin 15,Dublin,Fingal County Council,018249930,Mary Power,info@stpatricksns.ie,D15PH21,N,N,N,No subjects through Irish,Catholic,384,420,804
20131D,EDUCATE TOGETHER NS,Fitzwilliam Place North,Grangegorman Lower,Dublin 7,,Dublin,Dublin City Council,018943111,Fionnuala McHugh,Secretary@d7educatetogether.com,D07PY50,N,N,N,No subjects through Irish,Multi Denominational,216,254,470
20137P,MARY MOTHER OF HOPE SENIOR NS,Littlepace,Castaheany,Dublin 15,,Dublin,Fingal County Council,018128693,Enda McGorman,hopens@eircom.net,D15TA49,N,N,N,No subjects through Irish,Catholic,192,254,446
20139T,INCHICORE NS,Sarsfield Road,Inchicore,Dublin 10,,Dublin,Dublin City Council,014536505,Breda McEvoy,inchicorens@gmail.com,D10V963,N,Y,N,No subjects through Irish,Catholic,106,102,208
20141G,THE HAROLD SCHOOL,Eden Road,Glasthule,Co. Dublin,,Dublin,Dun Laoghaire Rathdown,012805708,Dervla Nic Mhathúna,admin@haroldschool.ie,A96X043,N,N,N,No subjects through Irish,Catholic,351,326,677
20145O,SWORDS EDUCATE TOGETHER NS,Applewood,Swords,Co. Dublin,,Dublin,Fingal County Council,018903899,Karl Breen,info@swordseducatetogether.ie,K67H0F6,N,N,N,No subjects through Irish,Multi Denominational,188,254,442
20152L,NORTH DUBLIN MUSLIM NS PROJECT,Ratoath Road,Cabra,Dublin 7,,Dublin,Dublin City Council,018689587,Eoin Walsh,info@ndmns.com,D07P967,N,N,N,No subjects through Irish,Muslim,158,158,316
20161M,DONABATE/PORTRANE EDUCATE TOGETHER,Ballisk Common,Beaverstown Road,Donabate,Co. Dublin,Dublin,Fingal County Council,018434573,Maeve Corish,info@dpetns.ie,K36HX03,N,N,N,No subjects through Irish,Multi Denominational,192,262,454
20166W,GRIFFEEN VALLEY EDUCATE TOGETHER NS,Griffeen Glen Boulevard,Lucan,Co. Dublin,,Dublin,South Dublin County Council,016219819,Andrea Burke Khan,info@gvet.ie,K78YA07,N,N,N,No subjects through Irish,Multi Denominational,265,269,534
20168D,GLASNEVIN EDUCATE TOGETHER NS,Griffith Avenue,Glasmevim,Dublin 11,,Dublin,Dublin City Council,018572086,Roisin Conlon,scoilgetns@gmail.com,D11A2YT,N,N,N,No subjects through Irish,Multi Denominational,156,185,341
20173T,ST ANNES PRIMARY SCHOOL,Kilcarrig Avenue,Tallaght,Dublin 24,,Dublin,South Dublin County Council,014515850,Mary Cullen,stannesps@gmail.com,D24DHY5,N,Y,N,No subjects through Irish,Catholic,187,190,377
20176C,RUSH AND LUSK EDUCATE TOGETHER NS,Raheny Lane,Rathmore Road,Lusk,Co. Dublin,Dublin,Fingal County Council,018430525,Noel Reilly,office@ralet.ie,K45WC62,N,N,N,No subjects through Irish,Multi Denominational,210,243,453
20186F,CASTAHEANY EDUCATE TOGETHER NS,Ongar Village,Dublin 15,,,Dublin,Fingal County Council,016467484,Sheila Gaughan,castaheanyeducatetogether@gmail.com,D15AE61,N,Y,N,No subjects through Irish,Multi Denominational,204,201,405
20187H,DIVINE MERCY SENIOR NATIONAL SCHOOL,Balgaddy,Lucan,Co. Dublin,,Dublin,South Dublin County Council,014670689,Regina Halpin,dmbalgaddysns@gmail.com,K78A393,N,N,N,No subjects through Irish,Catholic,248,256,504
20190T,HOLY TRINITY NATIONAL SCHOOL,Glencairn,Leopardstown,Dublin 18,,Dublin,Dun Laoghaire Rathdown,012063664,James Tobin,office@holytrinity.ie,D18YV91,N,N,N,No subjects through Irish,Catholic,250,328,578
20194E,St. John the Evangelist National School,Station Road,Adamstown Castle,Co. Dublin,,Dublin,South Dublin County Council,016540358,Anthony McGinley,office@stjohntheevangelistns.com,K78P212,N,N,N,No subjects through Irish,Catholic,207,189,396
20201V,TYRRELSTOWN EDUCATE TOGETHER NATIONAL SCHOOL,Hollywood Road,Tyrellstown,Dublin 15,,Dublin,Fingal County Council,018272172,Tim Stapleton,info@tetns.ie,D15X938,N,N,N,No subjects through Irish,Multi Denominational,301,274,575
20202A,BALBRIGGAN EDUCATE TOGETHER NS,Hamlet Lane,Balbriggan,Co. Dublin,,Dublin,Fingal County Council,016904635,Fintan McCutcheon,balbrigganetns@eircom.net,K32NT02,N,Y,N,No subjects through Irish,Multi Denominational,200,201,401
20218P,St Columbanus National School,Loughlinstown Drive,Dun Laoghaire,Co. Dublin,,Dublin,Dun Laoghaire Rathdown,012821220,Peter McCabe,officestcolumbanusns@gmail.com,A96X0D1,N,Y,N,No subjects through Irish,Catholic,51,57,108
20220C,GAELSCOIL UI EARCAIN,Bóthar Ghlas an Éin,Fionnghlas,Baile Átha Cliath 11,,Dublin,Dublin City Council,018643544,Leah Ní Mhaoláin,eolas@gsue.ie,D11VP44,N,Y,N,All subjects through Irish,Catholic,158,186,344
20223I,GAELSCOIL EISCIR RIADA,Bóthar an Ghrifín,Leamhcán,Co. Átha Cliath,,Dublin,South Dublin County Council,016210342,Damhnait Uí Ruairc,gaelscoil_eiscirriada@yahoo.ie,K78YX77,N,N,N,All subjects through Irish,Catholic,228,229,457
20231H,ST BENEDICTS NATIONAL SCHOOL,Ongar,Dublin 15,,,Dublin,Fingal County Council,016403011,Padraic Flesk,office.stbenedicts@gmail.com,D15PY61,N,N,N,No subjects through Irish,Catholic,342,314,656
20241K,Scoil Choilm Community NS,Porterstown Road,Clonsilla,Dublin 15,,Dublin,Fingal County Council,018213352,Treasa Lowe,scoilchoilm@sccns.ie,D15X582,N,Y,N,No subjects through Irish,Multi Denominational,414,461,875
20247W,Scoil Ghrainne Community National School,Phibblestown,Clonee,Dublin 15,,Dublin,Fingal County Council,016402418,Kenneth Scully,s.ghrainne@gmail.com,D15Y5PR,N,N,N,No subjects through Irish,Multi Denominational,313,350,663
20252P,GAELSCOIL BHAILE BRIGIN,Fearann an Chaisleáin,Baile Brigín,Co. Átha Cliath,,Dublin,Fingal County Council,018416036,Clodagh Ní Mhaoilchiaráin,oifig@gsbhailebrigin.ie,K32YT18,N,N,N,All subjects through Irish,Inter Denominational,247,223,470
20268H,Adamstown Castle Educate Together National School,Station Road,Adamstown,Co. Dublin,,Dublin,South Dublin County Council,016540088,Thomas Moriarty,office@acetns.ie,K78KT91,N,N,N,No subjects through Irish,Multi Denominational,210,228,438
20269J,Scoil Chormaic,Scoil Chormaic CNS,Stephenstown,Balbriggan,Co Dublin,Dublin,Fingal County Council,018416948,Deirdre Corcoran,scoilchormaiccns@ddletb.ie,K32AX94,N,N,N,No subjects through Irish,Multi Denominational,282,272,554
20274C,Esker Educate Together N.S.,The Glebe,Esker Lane,Lucan,Co. Dublin,Dublin,South Dublin County Council,016241462,Colette Kavanagh,office@eskeretns.ie,K78N239,N,Y,N,No subjects through Irish,Multi Denominational,179,234,413
20281W,St Benedicts and St Marys National School,Grange Park,Raheny,Dublin 5,,Dublin,Dublin City Council,018470202,Jennifer Plunkett,stbenedictsandstmarys@live.ie,D05K4N2,N,Y,N,Some subjects through Irish,Catholic,77,64,141
20282B,Bracken Educate Together N.S.,Castlelands,Balbriggan,Co. Dublin,,Dublin,Fingal County Council,018496850,Marian Griffin,info@brackenetns.com,K32YE94,N,Y,N,No subjects through Irish,Multi Denominational,196,207,403
20302E,Thornleigh Educate Together National School,Thornleigh Green,Applewood Village,Swords,Co. Dublin,Dublin,Fingal County Council,018074969,Paula Carolan,office@thornleighet.com,K67PH68,N,Y,N,No subjects through Irish,Multi Denominational,186,169,355
20303G,Lucan East ETNS,Kishogue Cross,Off Griffeen Avenue,Lucan,County Dublin,Dublin,South Dublin County Council,016212690,Grainne McManus,secretary@lucaneastet.ie,K78FA37,N,Y,N,No subjects through Irish,Multi Denominational,200,232,432
20304I,St. Francis of Assisi National School,Belmayne Avenue,Balgriffin,Dublin 13,,Dublin,Dublin City Council,018296007,Assumpta Kerins,office@stfrancispsbelmayne.com,D13P5VY,N,N,N,No subjects through Irish,Catholic,229,226,455
20307O,Skerries Educate Together National School,Kellys Bay,Skerries,Co. Dublin,,Dublin,Fingal County Council,018494050,Tomás Hickey,admin@skerrieseducatetogether.ie,K34CX46,N,Y,N,No subjects through Irish,Multi Denominational,175,195,370
20308Q,Belmayne Educate Together National School,Belmayne Avenue,Dublin 13,,,Dublin,Dublin City Council,018296980,Sinéad O'Meara,office@belmayne-etns.ie,D13DA58,N,Y,N,No subjects through Irish,Multi Denominational,221,216,437
20309S,Mary Mother of Hope Junior National School,St Charles Houben Building,Littlepace,Clonee,Dublin 15,Dublin,Fingal County Council,016405655,Alma Moran,info@hopejns.ie,D15TA49,N,N,N,No subjects through Irish,Catholic,189,253,442
20334R,Gaelscoil Ros Eo,Gaelscoil Ros Eo,CLG Naomh Maur,Ros Eo,Co. Bhaile Átha Cliath,Dublin,Fingal County Council,018949767,TIM Ó TUACHAIGH,priomhoide@gaelscoilroseo.com,K56C867,N,N,N,All subjects through Irish,Multi Denominational,106,110,216
20338C,Holy Child National School,Larkhill Road,Whitehall,Dublin 9,,Dublin,Dublin City Council,018375870,Sarah Reilly,office@holychildns.ie,D09YR59,N,N,N,No subjects through Irish,Catholic,322,84,406
20348F,Holywell Educate Together National School,Holywell Road,Nevinstown,Swords,Co. Dublin,Dublin,Fingal County Council,014444386,Maria Boyne,principal@holywelletns.ie,K67AP99,N,N,N,No subjects through Irish,Multi Denominational,317,360,677
20383H,Hansfield Educate Together National School,Barnwell Road,Hansfield,Dublin 15,,Dublin,Fingal County Council,018614720,Fergal Collins,fergalcollinsprincipal@gmail.com,D15H1FC,N,N,N,No subjects through Irish,Multi Denominational,286,342,628
20384J,Powerstown Educate Together National School,Powerstown Road,Tyrrelstown,Dublin 15,,Dublin,Fingal County Council,018272018,Aoife McGonigle,info@powerstownet.com,D15VR80,N,N,N,No subjects through Irish,Multi Denominational,142,175,317
20392I,Pelletstown ETNS,"Ashtown Road,",Rathborne,Dublin 15,,Dublin,Dublin City Council,0874483613,Caitríona Ní Cheallaigh,pelletstownetns@gmail.com,D15W571,N,N,N,No subjects through Irish,Multi Denominational,130,130,260
20394M,Gaelscoil an Chuilinn,Bóthar Bhaile an Phaoraigh,Baile an Tirialaigh,Baile Átha Cliath 15,,Dublin,Fingal County Council,018262022,Fergus Ó Conghaile,runai@gsch.ie,D15WR86,N,N,N,All subjects through Irish,Inter Denominational,149,143,292
20397S,St Louise de Marillac Primary School,Drumfinn Road,Ballyfermot,Dublin 10,,Dublin,Dublin City Council,016234153,Alma Quinn,admin@stlouises.scoilnet.ie,D10KT99,N,Y,N,No subjects through Irish,Catholic,291,21,312
20398U,Citywest & Saggart Community National School,Fortunestown Lane,Citywest,Dublin 24,,Dublin,South Dublin County Council,014133080,Mike Byrne,cscns@ddletb.ie,D24R920,N,N,N,No subjects through Irish,Multi Denominational,192,222,414
20400E,Ballinteer Educate Together National School,Notre Dame Campus,Upper Churchtown Road,Churchtown,Dublin 14,Dublin,Dun Laoghaire Rathdown,012963017,Orla Mc Carthy (Acting),info@ballinteeretns.ie,D14Y563,N,N,N,No subjects through Irish,Multi Denominational,177,213,390
20401G,Stepaside Educate Together National School,Belarmine Vale,Stepaside,Dublin 18,,Dublin,Dun Laoghaire Rathdown,012946753,Anne Carroll,info@stepasideetns.ie,D18H7W6,N,N,N,No subjects through Irish,Multi Denominational,138,199,337
20402I,City West Educate Together National School,Fortunestown Lane,Citywest,Dublin 24,,Dublin,South Dublin County Council,014035906,Caitriona Hand,Info@citywestetns.ie,D24TR94,N,N,N,No subjects through Irish,Multi Denominational,168,216,384
20411J,Firhouse Educate Together National School,Ballycullen Drive,Firhouse,Dublin 24,,Dublin,South Dublin County Council,014061010,Collette Dunne,info@firhouseetns.ie,D24FW9Y,N,N,N,No subjects through Irish,Multi Denominational,130,158,288
20412L,Gaelscoil na Giúise,Céide Bhaile Uí Chuilinn,Teach na Giúise,Baile Átha Cliath,D24 W682,Dublin,South Dublin County Council,014954064,Cuán Ó Flatharta,oifig@gaelscoilnagiuise.ie,D24W682,N,N,N,All subjects through Irish,Multi Denominational,85,85,170
20422O,Scoil Aoife CNS,Citywest Drive,Citywest,Dublin 24,,Dublin,South Dublin County Council,014215104,Stacey McAuley,tinacurran@sacns.ie,D24EE3V,N,Y,N,No subjects through Irish,Multi Denominational,99,116,215
20425U,Gaelscoil Shliabh Rua,Bóthar Bhaile Uí Ógáin,BÁC 18,Baile Átha Cliath 18,,Dublin,Dun Laoghaire Rathdown,012958589,Ruth Mhic Adaim,oifig@gsr.ie,D18K0EN,N,N,N,All subjects through Irish,Multi Denominational,120,116,236
20426W,Lucan Community National School,Balgaddy Road,Lucan,Co. Dublin,,Dublin,South Dublin County Council,014570432,Claire Downes,info@lucancns.ie,K78TF76,N,N,N,No subjects through Irish,Multi Denominational,103,120,223
20429F,ST. JAMES'S PRIMARY SCHOOL,Basin Lane,James' Street,Dublin 8,,Dublin,Dublin City Council,014548461,Noreen Flynn,saintjamessps@gmail.com,D08EC96,N,Y,N,No subjects through Irish,Catholic,126,125,251
20430N,Canal Way Educate Together National School,Basin Street Upper,Dublin 8,,,Dublin,Dublin City Council,014021418,Dermot Stanley,office@canalwayetns.org,D08K338,N,N,N,No subjects through Irish,Multi Denominational,135,182,317
20436C,St Mary's Primary School,Dorset Street Upper,Dublin 7,,,Dublin,Dublin City Council,018300841,Eadaoin Kelly,office@stmarysprimaryschool.ie,D07HF10,N,Y,N,No subjects through Irish,Catholic,124,119,243
20437E,St Laurence's National School,Brookstone Road,Baldoyle,Dublin 13,,Dublin,Dublin City Council,018326782,Clare Finnerty,info@stlaurencesbaldoyle.org,D13C924,N,N,N,No subjects through Irish,Catholic,227,238,465
20441S,Shellybanks Educate Together National School,Roslyn Park,Seafort Avenue,Sandymount,Dublin 4,Dublin,South Dublin County Council,0879667892,Johanne Dunne,info@shellybanksetns.ie,D04F8P5,N,N,N,No subjects through Irish,Multi Denominational,131,146,277
20445D,Malahide / Portmarnock Educate Together National School,Malahide Road,Dublin 17,,,Dublin,Fingal County Council,018455956,Emer Hoy,info@mpetns.ie,D17DR97,N,N,N,No subjects through Irish,Multi Denominational,130,130,260
20450T,Assumption Junior School,Sisters of Charity,Walkinstown,Dublin 12,,Dublin,Dublin City Council,014507613,Jean Leonard,principal@assumptionjns.com,D12EH70,N,N,N,No subjects through Irish,Catholic,213,188,401
20453C,Broombridge Educate Together National School,Bannow Road,Cabra,Dublin 7,,Dublin,Dublin City Council,018682650,Eibh Ní Mhordha,broombridgeetns@gmail.com,D07TD93,N,N,N,No subjects through Irish,Multi Denominational,50,69,119
20463F,Holy Spirit Junior Primary School,Limekiln Lane,Greenhills,Dublin 12,,Dublin,South Dublin County Council,014569173,Fionnuala Redmond,holyspiritjps@gmail.com,D12V880,N,Y,N,No subjects through Irish,Catholic,125,126,251
20464H,Holy Spirit Senior Primary School,Limekiln Lane,Greenhills,Dublin 12,,Dublin,Dublin City Council,014506019,Elizabeth Murray,principalholyspiritgreenhills@gmail.com,D12AY63,N,Y,N,No subjects through Irish,Catholic,198,122,320
20468P,St Dominic's National School,Mountain Park,Tallaght,Dublin 24,,Dublin,South Dublin County Council,014512443,Seamus Vaughan,secretary@stdominicsns.ie,D24P7XC,N,Y,N,No subjects through Irish,Catholic,173,192,365
20486R,Grace Park Educate Together National School,DCU All Hallows Campus,Grace Park Road,Drumcondra,Dublin 9,Dublin,Dublin City Council,0851368422,Marcus Wynne / Caroline Mee Acting Principal,info@graceparketns.com,D09KDW4,N,N,N,No subjects through Irish,Multi Denominational,80,102,182
20487T,Gaelscoil na Fuinseoige,Páirc Finsbury,Baile an Teampaill,BÁC 14,,Dublin,Dun Laoghaire Rathdown,012989851,Aisling Uí Fhéich,oifig@gsnafuinseoige.ie,D14N960,N,N,N,All subjects through Irish,Multi Denominational,68,72,140
20488V,Scoil Úna Naofa,Armagh Road,Crumlin,Dublin 12,,Dublin,Dublin City Council,014555127,Adrienne Ní Cheallaigh,scoilunanaofa@gmail.com,D12W524,N,Y,N,No subjects through Irish,Catholic,207,205,412
20494Q,Riverview Educate Together National School,Limekiln Road,Greenhills,Dublin 12,,Dublin,South Dublin County Council,014604468,Margaret Burke,rvetns@gmail.com,D12VY8A,N,N,N,No subjects through Irish,Multi Denominational,50,69,119
20501K,Harcourt Terrace Educate Together National School,151-153 Harold's Cross Road,Harold's Cross,Dublin 6W,,Dublin,Dublin City Council,0867768394,Niamh Cullen,info@harcourtterrace.com,D6WHP44,N,N,N,No subjects through Irish,Multi Denominational,11,20,31
20502M,Scoil Sinead NS,Scoil Sinead Pelletstown,"Patrician College Campus,","Deanstown,","Finglas,",Dublin,Dublin City Council,0861453205,Marianne Henry,principal@scoilsinead.ie,D11HN88,N,N,N,No subjects through Irish,Multi Denominational,8,22,30
20503O,Dun Laoghaire ETNS,C/O The Red Door School,Monkstown Grove,Monkstown Avenue,Co. Dublin,Dublin,Dun Laoghaire Rathdown,0864667017,Anne Marie Lillis,principal.dunlaoghaireetns@gmail.com,A94D3H7,N,N,N,No subjects through Irish,Multi Denominational,33,29,62
20507W,St Laurence O'Toole's National School,"St. Laurence Place East,","Seville Place,",Dublin 1,,Dublin,Dublin City Council,018364577,Mona Lucas,office@stlaurenceotoolesns.ie,,N,Y,N,No subjects through Irish,Catholic,117,46,163
20509D,Lusk Junior National School St Maccullins,Chapel Road,Lusk,Co. Dublin,,Dublin,Fingal County Council,018709242,Orfhlaith Clarke,office@luskjns.ie,,N,N,N,No subjects through Irish,Catholic,222,219,441
20517C,Drumcondra Marino Dublin 1 gaelscoil,"Bóthar Naomh Mobhí,","Droim Conrach,",,,Dublin,Dublin City Council,018377941,Niamh Nic Dhiarmada,gaelscoilaine@gmail.com,D09XP65,N,N,N,All subjects through Irish,Multi Denominational,8,8,16
20518E,Gaelscoil Laighean,Lána na Cille,Cill na Gráinsí,An Charraig Dhubh,Co. Bhaile Átha Cliath,Dublin,Dun Laoghaire Rathdown,0858036710,Aoife Ní Scolaí,gslaighean@gmail.com,A94FC44,N,N,N,All subjects through Irish,Multi Denominational,10,2,12
20519G,Stapolin Educate Together National School,Grange Abbey Road,Donaghmede,,,Dublin,Dublin City Council,0868374715,Clodagh Farrell,d13etns@gmail.com,D13NX25,N,N,N,No subjects through Irish,Multi Denominational,8,11,19
20520O,Dublin 6 Clonskeagh and Dublin 6W Primary School,151/153 Harold's Cross Road,Dublin 6w,,,Dublin,Dublin City Council,0863471806,Cian Gleeson,principal.haroldscrossetns@gmail.com,D6WHP44,N,N,N,No subjects through Irish,Multi Denominational,6,6,12
20523U,Goatstown Stillorgan Primary School,Grafton House,Ballymoss Road,Sandyford Industrial Estate,D. 18,Dublin,Dun Laoghaire Rathdown,0873878592,Diane Devereux,info@goatstownstillorganetns.com,D18P274,N,N,N,No subjects through Irish,Multi Denominational,2,6,8
20525B,Killester Raheny Clontarf Educate Together National School,Killester Raheny Clontarf ETNS,C/O Suttonians RFC,Station Road,Dublin 13,Dublin,Dublin City Council,0868550965,Níamh O'Toole,info.krcetns@gmail.com,D13C3K8,N,N,N,No subjects through Irish,Multi Denominational,3,4,7
20528H,River Valley CNS,Swords South,Dublin,,,Dublin,Fingal County Council,0858705523,Anne McArdle,info@rivervalleycns.ie,,N,N,N,No subjects through Irish,Multi Denominational,9,6,15
20545H,St Christopher's NS,Haddington Road,Ballsbridge,Dublin 4,,Dublin,Dublin City Council,016681155,Annemarie Hogan,principal@scps.ie,D04FP20,N,Y,N,Some subjects through Irish,Catholic,318,308,626
